Fertilisation_min;Date;Amount_kg_ha;Material
fert1;08.08.2005;38;DAM
fert1;13.09.2005;24;Amofos_NP
fert1;02.04.2006;40;LAV
fert1;23.04.2006;60;LAV
fert2;25.08.2006;30;Amofos_NP
fert2;12.03.2007;50;LAV
fert2;15.04.2007;40;LAV
fert3;25.02.2008;29.3;LAV
fert3;01.04.2008;54.9;LAV
fert3;25.04.2008;30.6;LAV
fert4;19.09.2008;12;Amofos_NP
fert4;21.03.2009;20.3;LAD
fert4;21.03.2009;15;SA
fert4;06.04.2009;54;LAD
fert5;21.09.2009;12;Amofos_NP
fert5;08.03.2010;54;LAV
fert5;25.03.2010;60;LAV+SA
fert5;09.05.2010;46;urea
fert6;18.09.2010;12;Amofos_NP
fert6;05.03.2011;54;LAV
fert6;28.03.2011;58;LAV+SA
fert7;05.03.2012;42;LAD
fert7;05.03.2012;5;GSH
fert7;22.03.2012;97;LAD
fert7;02.05.2012;42;urea
fert8;02.10.2012;12;Amofos_NP
fert8;14.03.2013;54;LAV
fert8;17.04.2013;56;mixed_fertilizer
fert9;29.09.2013;12;Amofos_NP
fert9;03.04.2014;54;LAV
fert9;27.04.2014;34;LAV
fert9;27.04.2014;25;SA
fert10;17.03.2015;54;LAV
fert10;21.04.2015;58;LAV+SA
fert11;23.03.2016;35;DASA
fert11;22.04.2016;50;LAV
fert11;12.05.2016;40;LAV
fert12;04.10.2016;20;Amofos_NP
fert12;02.03.2017;50;DASA
fert12;10.04.2017;51;DASA
fert13;13.03.2018;35;DASA
fert13;12.04.2018;50;LAV
fert14;04.04.2019;52;DASA
fert14;25.04.2019;54;LAD
fert15;20.02.2020;52;DASA
fert15;24.04.2020;54;LAD
fert16;16.03.2021;54;LAD
fert16;28.04.2021;56;DASA
fert17;15.02.2022;40;LAD
fert17;16.03.2022;54;LAD
fert18;04.10.2022;15;NPK+S
fert18;23.03.2023;41;LAD
fert18;27.05.2023;39;DASA
fert19;23.03.2023;41;LAD
fert19;27.05.2023;39;DASA
fert20;04.03.2024;52;DASA
fert20;04.04.2024;67;LAD
fert20;17.04.2024;40;LAD
fert21;08.08.2005;38;DAM
fert21;13.09.2005;24;Amofos_NP
fert21;02.04.2006;40;LAV
fert21;23.04.2006;60;LAV
fert21;22.05.2006;40;LAV
fert22;25.08.2006;30;Amofos_NP
fert22;12.03.2007;50;LAV
fert22;15.04.2007;40;LAV
fert22;15.05.2007;40;LAV
fert23;25.02.2008;29.3;LAV
fert23;01.04.2008;54.9;LAV
fert23;25.04.2008;30.6;LAV
fert23;25.04.2008;30.6;LAV
fert24;19.09.2008;12;Amofos_NP
fert24;21.03.2009;20.3;LAD
fert24;21.03.2009;15;SA
fert24;06.04.2009;54;LAD
fert24;20.05.2009;40;urea
fert25;21.09.2009;12;Amofos_NP
fert25;08.03.2010;54;LAV
fert25;25.03.2010;60;LAV+SA
fert25;09.05.2010;46;urea
fert25;20.05.2010;42;urea
fert26;18.09.2010;12;Amofos_NP
fert26;05.03.2011;54;LAV
fert26;28.03.2011;58;LAV+SA
fert26;25.05.2011;41;LAV
fert27;02.10.2012;12;Amofos_NP
fert27;14.03.2013;54;LAV
fert27;17.04.2013;56;mixed_fertilizer
fert27;28.05.2013;41;urea
fert28;17.03.2015;54;LAV
fert28;21.04.2015;58;LAV+SA
fert28;20.05.2015;40;urea
fert29;23.03.2016;35;DASA
fert29;22.04.2016;50;LAV
fert29;12.05.2016;40;LAV
fert29;25.05.2016;30;LAV
fert30;04.10.2016;20;Amofos_NP
fert30;02.03.2017;50;DASA
fert30;10.04.2017;51;DASA
fert30;16.05.2017;35;DASA
fert31;13.03.2018;35;DASA
fert31;12.04.2018;50;LAV
fert31;10.05.2018;40;LAV
fert32;04.04.2019;52;DASA
fert32;25.04.2019;54;LAD
fert32;11.05.2019;37;urea
fert33;20.02.2020;52;DASA
fert33;24.04.2020;54;LAD
fert33;11.05.2020;37;urea
fert34;20.02.2020;52;DASA
fert34;24.04.2020;54;urea
fert34;11.05.2020;37;urea
fert35;15.02.2022;40;LAD
fert35;16.03.2022;54;LAD
fert35;26.04.2022;26;DASA
fert36;04.10.2022;15;NPK+S
fert36;23.03.2023;41;LAD
fert36;27.05.2023;30;DASA
fert37;03.04.2006;30;LAV
fert37;18.04.2006;30;LAV
fert37;05.05.2006;50;LAV
fert38;03.04.2006;30;LAV
fert38;18.04.2006;30;LAV
fert38;05.05.2006;50;LAV
fert38;02.06.2006;40;LAV
fert39;07.03.2007;30;LAV
fert39;27.03.2007;40;LAV
fert39;13.04.2007;30;LAV
fert40;06.03.2007;30;LAV
fert40;26.03.2007;40;LAV
fert40;13.04.2007;30;LAV
fert41;07.03.2007;30;LAV
fert41;27.03.2007;40;LAV
fert41;13.04.2007;30;LAV
fert41;14.05.2007;40;LAV
fert42;06.03.2007;30;LAV
fert42;26.03.2007;40;LAV
fert42;13.04.2007;30;LAV
fert42;14.05.2007;40;LAV
fert43;07.03.2007;30;LAV
fert43;26.03.2007;40;LAV
fert43;12.04.2007;30;LAV
fert43;14.05.2007;40;LAV
fert44;06.03.2008;30;LAV
fert44;01.04.2008;30;LAV
fert44;24.04.2008;60;LAV
fert44;29.05.2008;40;LAV
fert45;06.03.2008;30;LAV
fert45;01.04.2008;30;LAV
fert45;22.04.2008;60;LAV
fert45;29.05.2008;40;LAV
fert46;06.03.2008;30;LAV
fert46;01.04.2008;30;LAV
fert46;24.04.2008;60;LAV
fert47;06.03.2008;30;LAV
fert47;01.04.2008;30;LAV
fert47;22.04.2008;60;LAV
fert48;18.03.2009;30;LAV
fert48;02.04.2009;30;LAV
fert48;22.04.2009;50;LAV
fert49;17.03.2009;30;LAV
fert49;02.04.2009;30;LAV
fert49;21.04.2009;50;LAV
fert50;18.03.2009;30;LAV
fert50;02.04.2009;30;LAV
fert50;22.04.2009;50;LAV
fert50;22.05.2009;40;LAV
fert51;17.03.2009;30;LAV
fert51;02.04.2009;30;LAV
fert51;21.04.2009;50;LAV
fert51;20.05.2009;40;LAV
fert52;12.03.2010;30;LAV
fert52;29.03.2010;40;LAV
fert52;28.04.2010;50;LAV
fert53;12.03.2010;30;LAV
fert53;29.03.2010;40;LAV
fert53;28.04.2010;50;LAV
fert53;01.06.2010;40;LAV
fert54;12.03.2010;30;LAV
fert54;29.03.2010;40;LAV
fert54;28.04.2010;50;LAV
fert54;25.05.2010;40;LAV
fert55;09.03.2011;30;LAV
fert55;25.03.2011;30;LAV
fert55;29.04.2011;40;LAV
fert56;09.03.2011;30;LAV
fert56;25.03.2011;30;LAV
fert56;29.04.2011;40;LAV
fert56;26.05.2011;40;LAV
fert57;09.03.2011;30;LAV
fert57;24.03.2011;30;LAV
fert57;27.04.2011;40;LAV
fert57;26.05.2011;40;LAV
fert58;05.03.2012;30;LAV
fert58;28.03.2012;30;LAV
fert58;03.05.2012;50;LAV
fert59;05.03.2012;30;LAV
fert59;29.03.2012;30;LAV
fert59;03.05.2012;50;LAV
fert60;05.03.2012;30;LAV
fert60;29.03.2012;30;LAV
fert60;27.04.2012;50;LAV
fert61;05.03.2012;30;LAV
fert61;28.03.2012;30;LAV
fert61;03.05.2012;50;LAV
fert61;24.05.2012;40;LAV
fert62;07.03.2012;30;LAV
fert62;29.03.2012;30;LAV
fert62;03.05.2012;50;LAV
fert62;28.05.2012;40;LAV
fert63;07.03.2012;30;LAV
fert63;30.03.2012;30;LAV
fert63;27.04.2012;50;LAV
fert63;21.05.2012;40;LAV
fert64;06.03.2013;30;LAV
fert64;26.03.2013;50;LAV
fert64;30.04.2013;60;LAV
fert65;06.03.2013;30;LAV
fert65;26.03.2013;30;LAV
fert65;30.04.2013;60;LAV
fert65;06.06.2013;40;LAV
fert66;28.02.2014;50;LAV
fert66;14.04.2014;60;LAV
fert67;27.02.2014;50;LAV
fert67;11.04.2014;60;LAV
fert68;28.02.2014;50;LAV
fert68;14.04.2014;60;LAV
fert68;23.05.2014;40;LAV
fert69;27.02.2014;50;LAV
fert69;11.04.2014;60;LAV
fert69;21.05.2014;40;LAV
fert70;03.03.2015;40;DASA
fert70;18.03.2015;30;LAV
fert70;24.04.2015;60;LAV
fert71;03.03.2015;40;DASA
fert71;20.04.2015;50;LAV
fert71;11.05.2015;40;LAV
fert72;03.03.2015;40;DASA
fert72;20.04.2015;50;LAV
fert72;07.05.2015;40;LAV
fert73;03.03.2015;40;DASA
fert73;18.03.2015;30;LAV
fert73;24.04.2015;60;LAV
fert73;22.05.2015;40;LAV
fert74;03.03.2015;40;DASA
fert74;20.04.2015;50;LAV
fert74;11.05.2015;40;LAV
fert74;25.05.2015;40;LAV
fert75;03.03.2015;40;DASA
fert75;20.04.2015;50;LAV
fert75;07.05.2015;40;LAV
fert75;22.05.2015;40;LAV
fert76;07.03.2016;40;DASA
fert76;19.04.2016;50;LAV
fert76;06.05.2016;40;LAV
fert77;07.03.2016;40;DASA
fert77;20.04.2016;50;LAV
fert77;09.05.2016;40;LAV
fert78;07.03.2016;40;DASA
fert78;19.04.2016;50;LAV
fert78;06.05.2016;40;LAV
fert79;07.03.2016;40;DASA
fert79;19.04.2016;50;LAV
fert79;09.05.2016;40;LAV
fert79;30.05.2016;40;LAV
fert80;07.03.2016;40;DASA
fert80;20.04.2016;50;LAV
fert80;09.05.2016;40;LAV
fert80;30.05.2016;40;LAV
fert81;07.03.2016;40;DASA
fert81;19.04.2016;50;LAV
fert81;06.05.2016;40;LAV
fert81;23.05.2016;40;LAV
fert82;06.03.2017;40;DASA
fert82;24.04.2017;50;LAV
fert82;10.05.2017;40;LAV
fert83;07.03.2017;30;DASA
fert83;05.05.2017;50;LAV
fert83;15.05.2017;40;LAV
fert84;06.03.2017;40;DASA
fert84;24.04.2017;50;LAV
fert84;10.05.2017;40;LAV
fert84;26.05.2017;40;LAV
fert85;07.03.2017;40;DASA
fert85;05.05.2017;50;LAV
fert85;15.05.2017;40;LAV
fert85;01.06.2017;40;LAV
fert86;08.03.2018;40;NS
fert86;18.04.2018;50;LAV
fert86;30.04.2018;40;LAV
fert87;08.03.2018;40;NS
fert87;18.04.2018;50;LAV
fert87;30.04.2018;40;LAV
fert87;11.05.2018;40;LAV
fert88;26.02.2019;30;LAV
fert88;18.04.2019;50;DASA
fert88;03.05.2019;40;LAV
fert89;26.02.2019;30;LAV
fert89;18.04.2019;50;DASA
fert89;03.05.2019;40;LAV
fert89;21.05.2019;40;LAV
fert90;05.03.2020;40;LAV
fert90;23.04.2020;50;DASA
fert90;05.05.2020;40;LAV
fert91;05.03.2020;40;LAV
fert91;23.04.2020;50;DASA
fert91;05.05.2020;40;LAV
fert91;15.05.2020;40;LAV
fert92;10.03.2021;40;LAV
fert92;04.05.2021;50;DASA
fert92;18.05.2021;50;LAV
fert93;10.03.2021;40;LAV
fert93;04.05.2021;50;DASA
fert93;18.05.2021;50;LAV
fert93;31.05.2021;40;LAV
fert94;01.03.2022;40;LAV
fert94;25.04.2022;50;DASA
fert94;10.05.2022;40;LAV
fert95;01.03.2022;40;LAV
fert95;25.04.2022;50;DASA
fert95;10.05.2022;40;LAV
fert95;23.05.2022;40;LAV
fert96;21.04.2023;60;DASA
fert96;10.05.2023;40;LAV
fert97;21.04.2023;60;DASA
fert97;10.05.2023;40;LAV
fert97;22.05.2023;40;LAV
fert98;01.03.2024;40;LAV
fert98;16.04.2024;50;DASA
fert98;26.04.2024;40;LAV
fert99;01.03.2024;40;LAV
fert99;16.04.2024;50;DASA
fert99;26.04.2024;40;LAV
fert99;10.05.2024;40;LAV
fert100;10.04.2006;60;LAV
fert100;28.04.2006;30;LAV
fert101;10.04.2006;60;LAV
fert101;28.04.2006;30;LAV
fert101;05.06.2006;40;LAV
fert102;13.03.2007;35;LAV
fert102;23.03.2007;35;LAV
fert102;13.04.2007;40;LAV
fert103;13.03.2007;35;LAV
fert103;23.03.2007;35;LAV
fert103;13.04.2007;40;LAV
fert103;05.06.2007;40;LAV
fert104;28.03.2008;35;LAV
fert104;07.04.2008;35;LAV
fert104;29.04.2008;40;LAV
fert105;28.03.2008;35;LAV
fert105;07.04.2008;35;LAV
fert105;29.04.2008;40;LAV
fert105;01.06.2008;40;LAV
fert106;06.04.2009;30;LAV
fert106;17.04.2009;30;LAV
fert106;24.04.2009;50;LAV
fert107;06.04.2009;30;LAV
fert107;17.04.2009;30;LAV
fert107;24.04.2009;50;LAV
fert107;25.05.2009;40;LAV
fert108;26.03.2010;35;LAV
fert108;10.04.2010;35;LAV
fert108;26.04.2010;50;LAV
fert109;26.03.2010;35;LAV
fert109;10.04.2010;35;LAV
fert109;26.04.2010;50;LAV
fert109;10.06.2010;40;LAV
fert110;10.03.2011;30;LAV
fert110;24.03.2011;30;LAV
fert110;10.04.2011;50;LAV
fert111;10.03.2011;30;LAV
fert111;24.03.2011;30;LAV
fert111;10.04.2011;50;LAV
fert111;02.06.2011;40;LAV
fert112;05.03.2012;30;LAD
fert112;04.04.2012;30;LAD
fert112;18.04.2012;50;LAD
fert113;21.03.2012;30;LAD
fert113;04.04.2012;30;LAD
fert113;18.04.2012;50;LAD
fert114;05.03.2012;30;LAD
fert114;04.04.2012;30;LAD
fert114;18.04.2012;50;LAD
fert114;23.05.2012;40;LAD
fert115;21.03.2012;30;LAD
fert115;04.04.2012;30;LAD
fert115;18.04.2012;50;LAD
fert115;23.05.2012;40;LAD
fert116;11.04.2013;30;LAD
fert116;25.04.2013;30;LAD
fert116;02.05.2013;50;LAD
fert117;11.04.2013;30;LAD
fert117;25.04.2013;30;LAD
fert117;02.05.2013;50;LAD
fert117;15.06.2013;40;LAD
fert118;03.03.2014;40;DASA
fert118;18.03.2014;30;LAD
fert118;31.03.2014;50;LAD
fert119;03.03.2014;40;DASA
fert119;18.03.2014;30;LAD
fert119;31.03.2014;50;LAD
fert119;27.05.2014;40;LAD
fert120;10.03.2015;30;DASA
fert120;25.03.2015;30;LAD
fert120;15.04.2015;55;LAD
fert121;10.03.2015;30;DASA
fert121;25.03.2015;30;LAD
fert121;15.04.2015;55;LAD
fert121;03.06.2015;40;LAD
fert122;18.03.2016;30;DASA
fert122;04.04.2016;30;LAV
fert122;20.04.2016;60;LAV
fert123;18.03.2016;30;DASA
fert123;04.04.2016;30;LAV
fert123;20.04.2016;60;LAV
fert123;27.05.2016;40;LAV
fert124;17.03.2017;30;DASA
fert124;30.03.2017;30;LAV
fert124;20.04.2017;60;LAV
fert125;17.03.2017;30;DASA
fert125;30.03.2017;30;LAV
fert125;20.04.2017;60;LAV
fert125;30.05.2017;40;LAV
fert126;26.03.2018;30;DASA
fert126;10.04.2018;30;LAV
fert126;26.04.2018;60;LAV
fert127;26.03.2018;30;DASA
fert127;10.04.2018;30;LAV
fert127;26.04.2018;60;LAV
fert127;15.05.2018;40;LAV
fert128;20.03.2019;30;LAV
fert128;03.04.2019;30;LAV
fert128;15.04.2019;60;DASA
fert129;20.03.2019;30;LAV
fert129;03.04.2019;30;LAV
fert129;15.04.2019;60;DASA
fert129;15.05.2019;40;LAV
fert130;17.03.2020;30;LAV
fert130;02.04.2020;30;LAV
fert130;22.04.2020;60;DASA
fert131;17.03.2020;30;LAV
fert131;02.04.2020;30;LAV
fert131;22.04.2020;60;DASA
fert131;21.05.2020;40;LAV
fert132;25.03.2021;30;LAV
fert132;08.04.2021;30;LAV
fert132;05.05.2021;60;DASA
fert133;25.03.2021;30;LAV
fert133;08.04.2021;30;LAV
fert133;05.05.2021;60;DASA
fert133;04.06.2021;40;LAV
fert134;21.03.2022;50;LAD
fert134;03.05.2022;60;DASA
fert135;21.03.2022;50;LAD
fert135;03.05.2022;60;DASA
fert135;24.05.2022;40;LAD
fert136;20.03.2023;30;LAD
fert136;04.04.2023;30;LAD
fert136;24.04.2023;60;DASA
fert137;20.03.2023;30;LAD
fert137;04.04.2023;30;LAD
fert137;24.04.2023;60;DASA
fert137;26.05.2023;40;LAD
fert138;14.03.2024;50;LAD
fert138;24.04.2024;60;DASA
fert139;14.03.2024;50;LAD
fert139;24.04.2024;60;DASA
fert139;14.05.2024;40;LAD
fert140;24.03.2006;30;LAV
fert140;21.04.2006;20;LAV
fert140;22.05.2006;50;LAV
fert141;24.03.2006;30;LAV
fert141;21.04.2006;20;LAV
fert141;22.05.2006;50;LAV
fert141;09.06.2006;40;LAV
fert142;05.03.2007;30;LAV
fert142;24.04.2007;40;LAV
fert143;05.03.2007;30;LAV
fert143;24.04.2007;40;LAV
fert143;21.05.2007;40;LAV
fert144;26.02.2008;25;LAV
fert144;11.04.2008;60;LAV
fert145;26.02.2008;25;LAV
fert145;11.04.2008;60;LAV
fert145;26.05.2008;40;LAV
fert146;20.03.2009;60;LAV
fert146;15.04.2009;50;LAV
fert147;20.03.2009;60;LAV
fert147;15.04.2009;50;LAV
fert147;13.05.2009;40;LAV
fert148;08.03.2010;35;LAD
fert148;29.03.2010;35;LAD
fert148;27.04.2010;50;LAD
fert149;08.03.2010;35;LAD
fert149;29.03.2010;35;LAD
fert149;27.04.2010;50;LAD
fert149;12.05.2010;40;LAD
fert150;01.03.2011;30;LAV
fert150;24.03.2011;30;LAV
fert150;28.04.2011;50;LAD
fert151;01.03.2011;30;LAV
fert151;24.03.2011;30;LAV
fert151;28.04.2011;50;LAD
fert151;23.05.2011;40;LAD
fert152;05.03.2012;30;LAD
fert152;22.03.2012;20;LAD
fert152;27.04.2012;40;LAD
fert153;05.03.2012;30;LAD
fert153;22.03.2012;20;LAD
fert153;27.04.2012;40;LAD
fert153;16.05.2012;40;LAD
fert154;06.03.2013;30;LAV
fert154;09.05.2013;60;LAV
fert155;06.03.2013;30;LAV
fert155;09.05.2013;60;LAV
fert155;12.06.2013;40;LAV
fert156;27.02.2014;40;DASA
fert156;14.04.2014;50;LAD
fert157;27.02.2014;40;DASA
fert157;14.04.2014;50;LAD
fert157;13.05.2014;40;LAD
fert158;05.03.2015;30;DASA
fert158;23.04.2015;50;LAD
fert158;12.05.2015;30;LAD
fert159;05.03.2015;30;DASA
fert159;23.04.2015;50;LAD
fert159;12.05.2015;30;LAD
fert159;29.05.2015;40;LAD
fert160;21.03.2016;30;DASA
fert160;21.04.2016;50;LAD
fert160;05.05.2016;30;LAD
fert161;31.03.2016;30;DASA
fert161;21.04.2016;50;LAD
fert161;05.05.2016;30;LAD
fert162;21.03.2016;30;DASA
fert162;21.04.2016;50;LAD
fert162;05.05.2016;30;LAD
fert162;26.05.2016;40;LAD
fert163;31.03.2016;30;DASA
fert163;21.04.2016;50;LAD
fert163;05.05.2016;30;LAD
fert163;26.05.2016;40;LAD
fert164;14.03.2017;30;DASA
fert164;02.05.2017;50;LAD
fert164;15.05.2017;30;LAD
fert165;14.03.2017;30;DASA
fert165;02.05.2017;50;LAD
fert165;15.05.2017;30;LAD
fert165;24.05.2017;40;LAD
fert166;20.03.2018;50;LAD
fert166;25.04.2018;50;LAD
fert166;09.05.2018;30;DASA
fert167;20.03.2018;50;LAD
fert167;24.04.2018;100;DASA
fert168;20.03.2018;50;LAD
fert168;25.04.2018;50;LAD
fert168;09.05.2018;30;DASA
fert168;21.05.2018;40;LAD
fert169;20.03.2018;50;LAD
fert169;24.04.2018;100;DASA
fert169;21.05.2018;40;LAD
fert170;25.02.2019;30;LAD
fert170;12.04.2019;50;DASA
fert170;02.05.2019;30;DASA
fert171;25.02.2019;30;LAD
fert171;12.04.2019;50;DASA
fert171;02.05.2019;30;DASA
fert171;10.05.2019;40;LAD
fert172;25.02.2020;40;LAD
fert172;03.04.2020;60;DASA
fert172;16.04.2020;30;LAD
fert173;25.02.2020;40;LAD
fert173;03.04.2020;60;DASA
fert173;16.04.2020;30;LAD
fert173;13.05.2020;40;LAD
fert174;02.03.2021;30;LAD
fert174;06.04.2021;60;DASA
fert174;04.05.2021;30;LAD
fert175;02.03.2021;30;LAD
fert175;06.04.2021;60;DASA
fert175;04.05.2021;30;LAD
fert175;27.05.2021;40;LAD
fert176;24.02.2022;50;DASA
fert176;12.04.2022;50;LAD
fert176;12.05.2022;30;LAD
fert177;24.02.2022;50;DASA
fert177;12.04.2022;50;LAD
fert177;12.05.2022;30;LAD
fert177;20.05.2022;40;LAD
fert178;01.03.2023;40;DASA
fert178;21.04.2023;50;LAD
fert178;05.05.2023;30;DASA
fert179;01.03.2023;40;DASA
fert179;21.04.2023;50;LAD
fert179;05.05.2023;30;LAD
fert180;01.03.2023;40;DASA
fert180;21.04.2023;50;LAD
fert180;05.05.2023;30;DASA
fert180;12.05.2023;40;LAV
fert181;01.03.2023;40;DASA
fert181;21.04.2023;50;LAD
fert181;05.05.2023;30;LAD
fert181;12.05.2023;40;LAD
fert182;05.03.2024;50;DASA
fert182;05.04.2024;50;LAD
fert182;26.04.2024;30;LAD
fert183;05.03.2024;50;DASA
fert183;05.04.2024;50;LAD
fert183;26.04.2024;30;LAD
fert183;06.05.2024;40;LAD
fert184;08.03.2019;50;LAD
fert184;24.04.2019;20;SA
fert184;24.04.2019;10;LAD
fert185;08.03.2019;50;LAD
fert185;24.04.2019;20;SA
fert185;24.04.2019;10;LAD
fert185;07.05.2019;30;LAD
fert185;24.05.2019;40;LAD
fert186;19.02.2020;50;LAD
fert186;16.04.2020;20;SA
fert186;16.04.2020;10;LAD
fert186;28.04.2020;30;LAD
fert187;19.02.2020;50;LAD
fert187;16.04.2020;20;SA
fert187;16.04.2020;10;LAD
fert187;28.04.2020;30;LAD
fert187;19.05.2020;40;LAD
fert188;07.03.2021;50;LAV
fert188;15.04.2021;10;LAD
fert188;15.04.2021;20;DASA
fert188;28.04.2021;30;LAD
fert189;07.03.2021;50;LAV
fert189;15.04.2021;10;LAD
fert189;15.04.2021;20;DASA
fert189;28.04.2021;30;LAD
fert189;27.05.2021;40;LAD
fert190;01.03.2022;40;LAD
fert190;28.04.2022;60;DASA
fert191;01.03.2022;40;LAD
fert191;28.04.2022;60;DASA
fert191;18.05.2022;40;LAD
fert192;21.03.2023;50;LAD
fert192;04.05.2023;60;DASA
fert193;21.03.2023;50;LAD
fert193;04.05.2023;60;DASA
fert193;18.05.2023;40;LAD
fert194;04.03.2024;30;LAD
fert194;17.04.2024;60;DASA
fert195;04.03.2024;30;LAD
fert195;17.04.2024;60;DASA
fert195;29.04.2024;40;LAD
fert196;09.03.2015;35;DASA
fert196;19.03.2015;25;LAV
fert196;30.04.2015;60;LAV
fert197;09.03.2015;35;DASA
fert197;19.03.2015;25;LAV
fert197;30.04.2015;60;LAV
fert197;01.06.2015;40;LAV
fert198;25.02.2019;30;LAV
fert198;08.03.2019;20;LAV
fert198;17.04.2019;50;DASA
fert198;14.05.2019;30;LAV
fert199;25.02.2019;30;LAV
fert199;08.03.2019;20;LAV
fert199;17.04.2019;50;DASA
fert199;14.05.2019;30;LAV
fert199;21.05.2019;40;LAV
fert200;09.03.2015;36;DASA
fert200;24.03.2015;31;LAV
fert200;30.04.2015;58;LAV
fert201;09.03.2015;36;DASA
fert201;24.03.2015;31;LAV
fert201;30.04.2015;58;LAV
fert201;01.06.2015;40;LAV
fert202;07.04.2006;60;LAV
fert202;04.05.2006;60;LAV
fert203;07.04.2006;60;LAV
fert203;04.05.2006;60;LAV
fert203;09.06.2006;40;LAV
fert204;14.03.2007;30;LAD
fert204;28.03.2007;30;LAD
fert204;13.04.2007;60;LAD
fert205;14.03.2007;30;LAD
fert205;28.03.2007;30;LAD
fert205;13.04.2007;60;LAD
fert205;21.05.2007;40;LAD
fert206;25.03.2008;30;LAD
fert206;09.04.2008;30;LAD
fert206;25.04.2008;60;LAD
fert207;25.03.2008;30;LAD
fert207;09.04.2008;30;LAD
fert207;25.04.2008;60;LAD
fert207;26.05.2008;40;LAD
fert208;27.03.2009;35;LAD
fert208;10.04.2009;35;LAD
fert208;24.04.2009;60;LAD
fert209;27.03.2009;35;LAD
fert209;10.04.2009;35;LAD
fert209;24.04.2009;60;LAD
fert209;18.05.2009;40;LAD
fert210;24.03.2010;30;LAD
fert210;07.04.2010;40;LAD
fert210;04.05.2010;60;LAD
fert211;24.03.2010;30;LAD
fert211;07.04.2010;40;LAD
fert211;04.05.2010;60;LAD
fert211;04.06.2010;40;LAD
fert212;08.03.2011;30;LAD
fert212;21.03.2011;40;LAD
fert212;27.04.2011;60;LAD
fert213;08.03.2011;30;LAD
fert213;21.03.2011;40;LAD
fert213;27.04.2011;60;LAD
fert213;25.05.2011;40;LAD
fert214;05.03.2012;30;LAD
fert214;20.03.2012;40;LAD
fert214;02.05.2012;60;LAD
fert215;05.03.2012;30;LAD
fert215;20.03.2012;40;LAD
fert215;02.05.2012;60;LAD
fert215;25.05.2012;40;LAD
fert216;14.03.2013;35;LAD
fert216;15.04.2013;35;LAD
fert216;09.05.2013;60;LAD
fert217;14.03.2013;35;LAD
fert217;15.04.2013;35;LAD
fert217;09.05.2013;60;LAD
fert217;13.06.2013;40;LAD
fert218;27.02.2014;35;LAD
fert218;28.03.2014;35;LAD
fert218;14.04.2014;60;LAD
fert219;27.02.2014;35;LAD
fert219;28.03.2014;35;LAD
fert219;14.04.2014;60;LAD
fert219;30.05.2014;40;LAD
fert220;05.03.2015;35;DASA
fert220;19.03.2015;35;LAD
fert220;24.04.2015;60;LAD
fert221;05.03.2015;35;DASA
fert221;19.03.2015;35;LAD
fert221;24.04.2015;60;LAD
fert221;26.05.2015;40;LAD
fert222;07.03.2016;35;DASA
fert222;21.03.2016;35;LAD
fert222;19.04.2016;60;LAD
fert223;07.03.2016;35;DASA
fert223;21.03.2016;35;LAD
fert223;19.04.2016;60;LAD
fert223;30.05.2016;40;LAD
fert224;08.03.2017;40;LAD
fert224;24.03.2017;40;DASA
fert224;03.05.2017;60;LAD
fert225;08.03.2017;40;LAD
fert225;24.03.2017;40;DASA
fert225;03.05.2017;60;LAD
fert225;26.05.2017;40;LAD
fert226;21.03.2018;40;LAD
fert226;05.04.2018;40;DASA
fert226;02.05.2018;60;LAD
fert227;21.03.2018;40;LAD
fert227;05.04.2018;40;DASA
fert227;02.05.2018;60;LAD
fert227;11.05.2018;40;LAD
fert228;27.02.2019;35;LAD
fert228;15.03.2019;35;LAD
fert228;23.04.2019;60;DASA
fert229;27.02.2019;35;LAD
fert229;15.03.2019;35;LAD
fert229;23.04.2019;60;DASA
fert229;17.05.2019;40;LAD
fert230;05.03.2020;35;LAD
fert230;19.03.2020;35;LAD
fert230;22.04.2020;60;DASA
fert231;05.03.2020;35;LAD
fert231;19.03.2020;35;LAD
fert231;22.04.2020;60;DASA
fert231;15.05.2020;40;LAD
fert232;03.03.2021;35;LAD
fert232;18.03.2021;35;LAD
fert232;12.05.2021;60;DASA
fert233;03.03.2021;35;LAD
fert233;18.03.2021;35;LAD
fert233;12.05.2021;60;DASA
fert233;01.06.2021;40;LAD
fert234;28.02.2022;35;LAD
fert234;15.03.2022;35;LAD
fert234;04.05.2022;60;DASA
fert235;28.02.2022;35;LAD
fert235;15.03.2022;35;LAD
fert235;04.05.2022;60;DASA
fert235;19.05.2022;40;LAD
fert236;28.02.2023;35;LAD
fert236;16.03.2023;35;LAD
fert236;02.05.2023;60;DASA
fert237;28.02.2023;35;LAD
fert237;16.03.2023;35;LAD
fert237;02.05.2023;60;DASA
fert237;19.05.2023;40;LAD
fert238;28.02.2024;35;LAD
fert238;19.03.2024;35;LAD
fert238;11.04.2024;60;DASA
fert239;28.02.2024;35;LAD
fert239;19.03.2024;35;LAD
fert239;11.04.2024;60;DASA
fert239;30.04.2024;40;LAD
fert240;04.04.2006;50;LAV
fert240;21.04.2006;40;LAV
fert241;04.04.2006;50;LAV
fert241;21.04.2006;40;LAV
fert241;23.05.2006;40;LAV
fert242;08.03.2007;50;LAV
fert242;28.03.2007;50;LAV
fert243;08.03.2007;50;LAV
fert243;28.03.2007;50;LAV
fert243;20.04.2007;40;LAV
fert244;13.02.2008;30;LAV
fert244;20.03.2008;30;LAV
fert244;29.04.2008;60;LAV
fert245;13.02.2008;30;LAV
fert245;20.03.2008;30;LAV
fert245;29.04.2008;60;LAV
fert245;16.05.2008;40;LAV
fert246;18.03.2009;60;LAV
fert246;07.04.2009;40;LAV
fert247;18.03.2009;60;LAV
fert247;07.04.2009;40;LAV
fert247;29.04.2009;40;LAV
fert248;04.03.2010;60;LAV
fert248;31.03.2010;40;LAV
fert249;04.03.2010;60;LAV
fert249;31.03.2010;40;LAV
fert249;19.04.2010;40;LAV
fert250;16.02.2011;60;LAV
fert250;03.03.2011;50;LAV
fert251;16.02.2011;60;LAV
fert251;03.03.2011;50;LAV
fert251;25.03.2011;50;LAV
fert252;27.02.2012;45;LAV
fert252;20.03.2012;50;LAV
fert252;24.04.2012;7;Fortestim
fert253;27.02.2012;45;LAV
fert253;20.03.2012;50;LAV
fert253;24.04.2012;7;Fortestim
fert253;10.05.2012;40;LAV
fert254;04.03.2013;60;LAV
fert254;26.03.2013;30;LAV
fert255;04.03.2013;60;LAV
fert255;26.03.2013;30;LAV
fert255;21.05.2013;40;LAV
fert256;03.03.2014;60;LAV
fert256;14.04.2014;50;LAV
fert257;03.03.2014;60;LAV
fert257;14.04.2014;50;LAV
fert257;07.05.2014;40;LAV
fert258;04.03.2015;60;LAV
fert258;26.03.2015;50;LAV
fert259;04.03.2015;60;LAV
fert259;26.03.2015;50;LAV
fert259;30.05.2015;40;LAV
fert260;14.03.2016;60;LAV
fert260;07.04.2016;40;LAV
fert261;14.03.2016;60;LAV
fert261;07.04.2016;40;LAV
fert261;19.04.2016;40;LAV
fert262;03.03.2017;50;LAV
fert262;03.04.2017;60;LAV
fert263;03.03.2017;50;LAV
fert263;03.04.2017;60;LAV
fert263;18.05.2017;40;LAV
fert264;15.03.2018;60;LAV
fert264;17.04.2018;60;LAV
fert265;15.03.2018;60;LAV
fert265;17.04.2018;60;LAV
fert265;02.05.2018;40;LAV
fert266;20.02.2019;40;LAV
fert266;04.03.2019;40;LAV
fert266;24.04.2019;60;LAV
fert267;20.02.2019;40;LAV
fert267;04.03.2019;40;LAV
fert267;24.04.2019;60;LAV
fert267;10.05.2019;40;LAV
fert268;05.03.2020;70;LAV
fert268;08.04.2020;32;LAV
fert268;24.04.2020;30;LAV
fert269;05.03.2020;70;LAV
fert269;08.04.2020;32;LAV
fert269;24.04.2020;30;LAV
fert269;13.05.2020;50;LAD+SA
fert270;28.04.2021;40;LAV
fert270;06.05.2021;60;LAV
fert271;28.04.2021;40;LAV
fert271;06.05.2021;60;LAV
fert271;09.06.2021;40;LAV
fert272;04.03.2022;35;LAD
fert272;28.03.2022;35;LAD
fert272;28.04.2022;40;LAD
fert273;04.03.2022;35;LAD
fert273;28.03.2022;35;LAD
fert273;28.04.2022;40;LAD
fert273;23.05.2022;40;LAD
fert274;15.02.2023;40;LAV
fert274;29.03.2023;50;LAV
fert274;29.03.2023;20;SA
fert275;15.02.2023;40;LAV
fert275;29.03.2023;50;LAV
fert275;29.03.2023;20;SA
fert275;05.05.2023;40;LAV
fert276;28.02.2024;40;LAV
fert276;25.03.2024;40;LAD+SA
fert276;03.04.2024;40;LAV
fert277;28.02.2024;40;LAV
fert277;25.03.2024;40;LAD+SA
fert277;03.04.2024;40;LAV
fert277;19.04.2024;40;LAV
fert278;18.08.2006;20;Amofos_NP
fert278;10.04.2006;30;LAV
fert278;25.04.2006;30;LAV
fert278;09.05.2006;50;LAV
fert279;18.08.2006;20;Amofos_NP
fert279;10.04.2006;30;LAV
fert279;25.04.2006;30;LAV
fert279;09.05.2006;50;LAV
fert279;08.06.2006;40;LAV
fert280;19.08.2006;20;Amofos_NP
fert280;07.03.2007;35;LAV
fert280;27.03.2007;35;LAV
fert280;17.04.2007;50;LAV
fert281;19.08.2006;20;Amofos_NP
fert281;07.03.2007;35;LAV
fert281;27.03.2007;35;LAV
fert281;17.04.2007;50;LAV
fert281;21.05.2007;40;LAV
fert282;07.03.2008;35;LAV
fert282;31.03.2008;35;LAV
fert282;29.04.2008;50;LAV
fert283;07.03.2008;20;LAV
fert283;31.03.2008;35;LAV
fert283;29.04.2008;50;LAV
fert284;06.03.2008;40;LAV
fert284;01.04.2008;40;LAV
fert284;29.04.2008;60;LAV
fert285;07.03.2008;35;LAV
fert285;31.03.2008;35;LAV
fert285;29.04.2008;50;LAV
fert285;28.05.2008;40;LAV
fert286;07.03.2008;20;LAV
fert286;31.03.2008;35;LAV
fert286;29.04.2008;50;LAV
fert286;28.05.2008;40;LAV
fert287;06.03.2008;40;LAV
fert287;01.04.2008;40;LAV
fert287;29.04.2008;60;LAV
fert287;28.05.2008;40;LAV
fert288;02.04.2009;35;LAV
fert288;20.04.2009;35;LAV
fert288;05.05.2009;50;LAV
fert289;02.04.2009;35;LAV
fert289;20.04.2009;35;LAV
fert289;05.05.2009;50;LAV
fert289;18.05.2009;40;LAV
fert290;23.03.2010;35;LAV
fert290;12.04.2010;35;LAV
fert290;03.05.2010;50;LAV
fert291;23.03.2010;35;LAV
fert291;12.04.2010;35;LAV
fert291;03.05.2010;50;LAV
fert291;15.06.2010;40;LAV
fert292;09.03.2011;35;LAV
fert292;31.03.2011;35;LAV
fert292;29.04.2011;50;LAV
fert293;09.03.2011;35;LAV
fert293;31.03.2011;35;LAV
fert293;29.04.2011;50;LAV
fert293;02.06.2011;40;LAV
fert294;05.03.2012;40;LAV
fert294;04.04.2012;40;LAV
fert294;03.05.2012;50;LAV
fert295;05.03.2012;40;LAV
fert295;04.04.2012;40;LAV
fert295;03.05.2012;50;LAV
fert295;28.05.2012;40;LAV
fert296;06.03.2013;35;LAV
fert296;15.04.2013;35;LAV
fert296;07.05.2013;50;LAV
fert297;06.03.2013;35;LAV
fert297;15.04.2013;35;LAV
fert297;07.05.2013;50;LAV
fert297;17.06.2013;40;LAV
fert298;07.03.2014;35;DASA
fert298;31.03.2014;35;LAV
fert298;30.04.2014;50;LAV
fert299;07.03.2014;35;DASA
fert299;31.03.2014;35;LAV
fert299;30.04.2014;50;LAV
fert299;21.05.2014;40;LAV
fert300;06.03.2015;30;DASA
fert300;09.04.2015;30;LAV
fert300;24.04.2015;60;LAV
fert301;06.03.2015;30;DASA
fert301;09.04.2015;30;LAV
fert301;24.04.2015;60;LAV
fert301;28.05.2015;40;LAV
fert302;14.03.2016;30;DASA
fert302;06.04.2016;30;LAV
fert302;21.04.2016;50;LAV
fert303;14.03.2016;30;DASA
fert303;06.04.2016;30;LAV
fert303;21.04.2016;50;LAV
fert303;23.05.2016;40;LAV
fert304;09.08.2016;22;NPK
fert304;01.03.2017;30;LAV
fert304;24.03.2017;30;DASA
fert304;21.04.2017;60;LAV
fert305;09.08.2016;22;NPK
fert305;01.03.2017;30;LAV
fert305;24.03.2017;30;DASA
fert305;21.04.2017;60;LAV
fert305;22.05.2017;40;LAV
fert306;19.03.2018;30;LAV
fert306;11.04.2018;30;DASA
fert306;27.04.2018;60;LAV
fert307;19.03.2018;30;LAV
fert307;11.04.2018;30;DASA
fert307;27.04.2018;60;LAV
fert307;22.05.2018;40;LAV
fert308;25.02.2019;35;LAV
fert308;19.03.2019;35;LAV
fert308;25.04.2019;60;DASA
fert309;25.02.2019;35;LAV
fert309;19.03.2019;35;LAV
fert309;25.04.2019;60;DASA
fert309;04.06.2019;40;LAV
fert310;05.03.2020;35;LAV
fert310;24.03.2020;35;LAV
fert310;27.04.2020;60;DASA
fert311;05.03.2020;35;LAV
fert311;24.03.2020;35;LAV
fert311;27.04.2020;60;DASA
fert311;02.06.2020;40;LAV
fert312;02.03.2021;35;LAV
fert312;25.03.2021;35;LAV
fert312;05.05.2021;60;DASA
fert313;02.03.2021;35;LAV
fert313;25.03.2021;35;LAV
fert313;05.05.2021;60;DASA
fert313;15.06.2021;40;LAV
fert314;28.02.2022;35;LAV
fert314;25.03.2022;35;LAV
fert314;05.05.2022;60;DASA
fert315;28.02.2022;35;LAV
fert315;25.03.2022;35;LAV
fert315;05.05.2022;60;DASA
fert315;27.05.2022;40;LAV
fert316;28.02.2023;35;LAV
fert316;21.03.2023;35;LAV
fert316;04.05.2023;60;DASA
fert317;28.02.2023;35;LAV
fert317;21.03.2023;35;LAV
fert317;04.05.2023;60;DASA
fert317;23.05.2023;40;LAV
fert318;29.02.2024;35;LAV
fert318;19.03.2024;35;LAV
fert318;09.04.2024;60;DASA
fert319;29.02.2024;35;LAV
fert319;19.03.2024;35;LAV
fert319;09.04.2024;60;DASA
fert319;09.05.2024;40;LAV
fert320;05.03.2015;45;DASA
fert320;25.03.2015;25;LAV
fert320;28.04.2015;30;LAV
fert321;05.03.2015;45;DASA
fert321;25.03.2015;25;LAV
fert321;28.04.2015;30;LAV
fert321;19.05.2015;25;LAV
fert322;04.10.2005;30;SA
fert322;24.03.2006;30;LAV
fert322;25.04.2006;50;LAV
fert323;04.10.2005;30;SA
fert323;24.03.2006;30;LAV
fert323;25.04.2006;50;LAV
fert323;19.05.2006;40;LAV
fert324;30.09.2006;40;SA
fert324;28.03.2007;40;LAV
fert325;30.09.2006;40;SA
fert325;28.03.2007;40;LAV
fert325;10.05.2007;40;LAV
fert326;24.09.2007;30;SA
fert326;28.02.2008;50;LAV
fert326;10.04.2008;40;LAV
fert327;24.09.2007;30;SA
fert327;28.02.2008;50;LAV
fert327;10.04.2008;40;LAV
fert327;15.05.2008;40;LAV
fert328;02.04.2009;50;LAV
fert328;23.04.2009;50;LAV
fert329;02.04.2009;50;LAV
fert329;23.04.2009;50;LAV
fert329;18.05.2009;40;LAV
fert330;02.04.2010;60;LAV
fert330;22.04.2010;50;LAV
fert331;02.04.2010;60;LAV
fert331;22.04.2010;50;LAV
fert331;04.06.2010;40;LAV
fert332;08.03.2011;50;LAV
fert332;19.04.2011;60;LAV
fert333;08.03.2011;50;LAV
fert333;19.04.2011;60;LAV
fert333;23.05.2011;40;LAV
fert334;05.03.2012;50;LAV
fert334;23.04.2012;50;LAV
fert335;05.03.2012;50;LAV
fert335;23.04.2012;50;LAV
fert335;15.05.2012;40;LAV
fert336;05.03.2013;60;LAV
fert336;26.04.2013;50;LAV
fert337;05.03.2013;60;LAV
fert337;26.04.2013;50;LAV
fert337;17.05.2013;40;LAV
fert338;13.03.2014;60;DASA
fert338;02.04.2014;50;LAV
fert339;13.03.2014;60;DASA
fert339;02.04.2014;50;LAV
fert339;13.05.2014;40;LAV
fert340;20.02.2015;30;DASA
fert340;09.03.2015;20;LAV
fert340;08.04.2015;60;LAV
fert341;20.02.2015;30;DASA
fert341;09.03.2015;20;LAV
fert341;08.04.2015;60;LAV
fert341;25.05.2015;40;LAV
fert342;26.02.2016;40;DASA
fert342;29.03.2016;60;LAV
fert343;26.02.2016;40;DASA
fert343;29.03.2016;60;LAV
fert343;26.05.2016;40;LAV
fert344;28.02.2017;30;LAV
fert344;13.03.2017;20;DASA
fert344;10.04.2017;60;LAV
fert345;28.02.2017;30;LAV
fert345;13.03.2017;20;DASA
fert345;10.04.2017;60;LAV
fert345;16.05.2017;40;LAV
fert346;13.03.2018;30;DASA
fert346;27.03.2018;20;LAD
fert346;29.04.2018;60;LAD
fert347;13.03.2018;30;DASA
fert347;27.03.2018;20;LAD
fert347;29.04.2018;60;LAD
fert347;03.05.2018;40;LAV
fert348;25.02.2019;30;LAD
fert348;15.03.2019;20;LAV
fert348;25.04.2019;60;DASA
fert349;25.02.2019;30;LAD
fert349;15.03.2019;20;LAV
fert349;25.04.2019;60;DASA
fert349;07.05.2019;40;LAD
fert350;17.02.2020;30;LAD
fert350;10.03.2020;10;LAV
fert350;07.04.2020;30;DASA
fert350;07.04.2020;30;LAD
fert351;17.02.2020;30;LAD
fert351;10.03.2020;10;LAV
fert351;07.04.2020;30;DASA
fert351;07.04.2020;30;LAD
fert351;07.05.2020;40;LAD
fert352;08.03.2021;50;LAD
fert352;27.04.2021;60;DASA
fert353;08.03.2021;50;LAD
fert353;27.04.2021;60;DASA
fert353;07.05.2021;40;LAV
fert354;22.02.2022;27;LAV
fert354;15.03.2022;23;LAV
fert354;27.04.2022;60;DASA
fert355;22.02.2022;27;LAV
fert355;15.03.2022;23;LAV
fert355;27.04.2022;60;DASA
fert355;13.05.2022;40;LAD
fert356;27.02.2023;23;LAD
fert356;17.03.2023;27;LAV
fert356;13.04.2023;60;DASA
fert357;27.02.2023;23;LAD
fert357;17.03.2023;27;LAV
fert357;13.04.2023;60;DASA
fert357;03.05.2023;40;LAV
fert358;22.02.2024;50;LAV
fert358;04.04.2024;60;DASA
fert359;22.02.2024;50;LAV
fert359;04.04.2024;60;DASA
fert359;30.04.2024;40;LAD
fert360;03.04.2006;30;LAV
fert360;18.04.2006;30;LAV
fert360;02.05.2006;50;LAV
fert361;03.04.2006;30;LAV
fert361;18.04.2006;30;LAV
fert361;02.05.2006;50;LAV
fert361;13.06.2006;40;LAV
fert362;09.03.2007;50;LAV
fert362;02.04.2007;20;LAV
fert362;26.04.2007;30;LAV
fert363;09.03.2007;50;LAV
fert363;02.04.2007;20;LAV
fert363;26.04.2007;30;LAV
fert363;21.05.2007;40;LAV
fert364;27.02.2008;50;LAV
fert364;31.03.2008;30;LAV
fert364;12.05.2008;20;LAV
fert365;27.02.2008;50;LAV
fert365;31.03.2008;30;LAV
fert365;12.05.2008;20;LAV
fert365;29.05.2008;40;LAV
fert366;28.03.2009;50;LAV
fert366;14.04.2009;20;LAV
fert366;04.05.2009;30;LAV
fert367;28.03.2009;50;LAV
fert367;14.04.2009;20;LAV
fert367;04.05.2009;30;LAV
fert367;22.05.2009;40;LAV
fert368;25.03.2010;54;LAV
fert368;29.04.2010;50;LAV
fert369;25.03.2010;54;LAV
fert369;29.04.2010;50;LAV
fert369;02.06.2010;40;LAV
fert370;12.03.2011;50;LAV
fert370;28.04.2011;50;LAV
fert371;12.03.2011;50;LAV
fert371;28.04.2011;50;LAV
fert371;26.05.2011;40;LAV
fert372;14.03.2012;60;LAV
fert372;04.05.2012;60;LAV
fert373;14.03.2012;60;LAV
fert373;04.05.2012;60;LAV
fert373;28.05.2012;40;LAV
fert374;20.04.2006;45;LAV
fert374;02.05.2006;35;LAV
fert374;15.05.2006;30;LAV
fert375;20.04.2006;45;LAV
fert375;02.05.2006;35;LAV
fert375;15.05.2006;30;LAV
fert375;14.06.2006;40;LAV
fert376;12.03.2007;35;LAV
fert376;28.03.2007;35;LAV
fert376;20.04.2007;60;LAV
fert377;12.03.2007;35;LAV
fert377;28.03.2007;35;LAV
fert377;20.04.2007;60;LAV
fert377;24.05.2007;40;LAV
fert378;11.03.2008;40;LAV
fert378;01.04.2008;40;LAV
fert378;29.04.2008;50;LAV
fert379;11.03.2008;40;LAV
fert379;01.04.2008;40;LAV
fert379;29.04.2008;50;LAV
fert379;04.06.2008;40;LAV
fert380;02.04.2009;40;LAV
fert380;14.04.2009;40;LAV
fert380;29.04.2009;50;LAV
fert381;02.04.2009;40;LAV
fert381;14.04.2009;40;LAV
fert381;29.04.2009;50;LAV
fert381;25.05.2009;40;LAV
fert382;29.03.2010;40;LAV
fert382;06.04.2010;40;LAV
fert382;29.04.2010;50;LAV
fert383;29.03.2010;40;LAV
fert383;06.04.2010;40;LAV
fert383;29.04.2010;50;LAV
fert383;14.05.2010;40;LAV
fert384;09.03.2011;40;LAV
fert384;16.03.2011;40;LAV
fert384;12.04.2011;50;LAV
fert385;09.03.2011;40;LAV
fert385;16.03.2011;40;LAV
fert385;12.04.2011;50;LAV
fert385;27.04.2011;40;LAV
fert386;05.03.2012;40;LAV
fert386;14.03.2012;40;LAV
fert386;20.04.2012;50;LAV
fert387;05.03.2012;40;LAV
fert387;14.03.2012;40;LAV
fert387;20.04.2012;50;LAV
fert387;03.05.2012;40;LAV
fert388;05.03.2013;40;LAV
fert388;15.03.2013;40;LAV
fert388;29.04.2013;50;LAV
fert389;05.03.2013;40;LAV
fert389;15.03.2013;40;LAV
fert389;29.04.2013;50;LAV
fert389;10.05.2013;40;LAV
fert390;27.02.2014;40;LAV
fert390;07.03.2014;40;LAV
fert390;18.04.2014;50;LAV
fert391;27.02.2014;40;LAV
fert391;07.03.2014;40;LAV
fert391;18.04.2014;50;LAV
fert391;05.05.2014;40;LAV
fert392;27.02.2015;35;DASA
fert392;09.03.2015;35;LAV
fert392;16.04.2015;60;LAV
fert393;27.02.2015;35;DASA
fert393;09.03.2015;35;LAV
fert393;16.04.2015;60;LAV
fert393;04.05.2015;40;LAV
fert394;10.03.2016;40;DASA
fert394;30.03.2016;40;LAV
fert394;21.04.2016;50;LAV
fert395;10.03.2016;35;DASA
fert395;30.03.2016;35;LAV
fert395;21.04.2016;60;LAV
fert396;10.03.2016;40;DASA
fert396;30.03.2016;40;LAV
fert396;21.04.2016;50;LAV
fert396;05.05.2016;40;LAV
fert397;10.03.2016;35;DASA
fert397;30.03.2016;35;LAV
fert397;21.04.2016;60;LAV
fert397;05.05.2016;40;LAV
fert398;03.03.2017;35;DASA
fert398;27.03.2017;35;LAV
fert398;10.05.2017;60;LAV
fert399;03.03.2017;35;DASA
fert399;27.03.2017;35;LAV
fert399;10.05.2017;60;LAV
fert399;22.05.2017;40;LAV
fert400;23.03.2018;35;DASA
fert400;09.04.2018;35;LAV
fert400;03.05.2018;60;LAV
fert401;23.03.2018;35;DASA
fert401;09.04.2018;35;LAV
fert401;03.05.2018;60;LAV
fert401;07.05.2018;40;LAV
fert402;28.02.2019;35;LAV
fert402;21.03.2019;35;LAV
fert402;29.04.2019;60;DASA
fert403;28.02.2019;35;LAV
fert403;21.03.2019;35;LAV
fert403;29.04.2019;60;DASA
fert403;13.05.2019;40;LAV
fert404;05.03.2020;35;LAV
fert404;24.03.2020;35;LAV
fert404;22.04.2020;60;DASA
fert405;05.03.2020;35;LAV
fert405;24.03.2020;35;LAV
fert405;22.04.2020;60;DASA
fert405;07.05.2020;40;LAV
fert406;02.03.2021;35;LAV
fert406;29.03.2021;35;LAV
fert406;10.05.2021;60;DASA
fert407;02.03.2021;35;LAV
fert407;29.03.2021;35;LAV
fert407;10.05.2021;60;DASA
fert407;26.05.2021;40;LAV
fert408;02.03.2022;35;LAV
fert408;23.03.2022;35;LAV
fert408;04.05.2022;60;DASA
fert409;02.03.2022;35;LAV
fert409;23.03.2022;35;LAV
fert409;04.05.2022;60;DASA
fert409;19.05.2022;40;LAV
fert410;07.03.2023;35;LAV
fert410;22.03.2023;35;LAV
fert410;03.05.2023;60;DASA
fert411;07.03.2023;35;LAV
fert411;22.03.2023;35;LAV
fert411;03.05.2023;60;DASA
fert411;18.05.2023;40;LAV
fert412;08.03.2024;35;LAV
fert412;19.03.2024;35;LAV
fert412;12.04.2024;60;DASA
fert413;08.03.2024;35;LAV
fert413;19.03.2024;35;LAV
fert413;12.04.2024;60;DASA
fert413;26.04.2024;40;LAV
fert414;09.03.2015;47;DASA
fert414;23.03.2015;23;LAV
fert414;02.05.2015;60;LAV
fert415;09.03.2015;47;DASA
fert415;23.03.2015;23;LAV
fert415;02.05.2015;60;LAV
fert415;25.05.2015;41;LAV
fert416;08.04.2006;52;LAV
fert416;20.04.2006;19;LAV
fert416;11.05.2006;41;LAV
fert417;08.04.2006;52;LAV
fert417;20.04.2006;19;LAV
fert417;11.05.2006;41;LAV
fert417;14.06.2006;43;LAV
fert418;13.03.2007;35;LAV
fert418;28.03.2007;31;LAV
fert418;23.04.2007;38;LAV
fert419;13.03.2007;35;LAV
fert419;28.03.2007;31;LAV
fert419;23.04.2007;38;LAV
fert419;25.05.2007;39;LAV
fert420;26.02.2008;36;LAV
fert420;18.03.2008;20;LAV
fert420;24.04.2008;50;LAV
fert421;26.02.2008;36;LAV
fert421;18.03.2008;20;LAV
fert421;24.04.2008;50;LAV
fert421;05.06.2008;50;LAV
fert422;25.03.2009;33;LAV
fert422;08.04.2009;31;LAV
fert422;11.05.2009;54;LAV
fert423;25.03.2009;33;LAV
fert423;08.04.2009;31;LAV
fert423;11.05.2009;54;LAV
fert423;28.05.2009;43;LAV
fert424;23.03.2010;33;LAV
fert424;08.04.2010;29;LAV
fert424;05.06.2010;38;LAV
fert425;23.03.2010;33;LAV
fert425;08.04.2010;29;LAV
fert425;05.06.2010;38;LAV
fert425;16.06.2010;40;LAV
fert426;03.09.2010;26;DAM
fert426;09.03.2011;26;LAV
fert426;24.03.2011;27;LAV
fert426;17.05.2011;51;LAV
fert427;03.09.2010;26;DAM
fert427;09.03.2011;26;LAV
fert427;24.03.2011;27;LAV
fert427;17.05.2011;51;LAV
fert427;02.06.2011;40;LAV
fert428;05.03.2012;34;LAV
fert428;21.03.2012;15;LAV
fert428;16.05.2012;49;LAV
fert429;05.03.2012;34;LAV
fert429;21.03.2012;15;LAV
fert429;16.05.2012;49;LAV
fert429;06.06.2012;40;LAV
fert430;18.04.2013;38;LAV
fert430;25.04.2013;13;LAV
fert430;17.05.2013;51;LAV
fert431;18.04.2013;38;LAV
fert431;25.04.2013;13;LAV
fert431;17.05.2013;51;LAV
fert431;19.06.2013;40;LAV
fert432;07.03.2014;49;DASA
fert432;31.03.2014;49;LAV
fert433;07.03.2014;49;DASA
fert433;31.03.2014;49;LAV
fert433;11.06.2014;37;LAV
fert434;10.03.2015;37;DASA
fert434;13.04.2015;53;LAV
fert434;11.05.2015;33;LAV
fert435;10.03.2015;37;DASA
fert435;13.04.2015;53;LAV
fert435;11.05.2015;33;LAV
fert435;28.05.2015;42;LAV
fert436;14.03.2016;40;DASA
fert436;19.04.2016;51;LAV
fert436;16.05.2016;32;LAV
fert437;14.03.2016;40;DASA
fert437;19.04.2016;51;LAV
fert437;16.05.2016;32;LAV
fert437;27.05.2016;37;LAV
fert438;13.03.2017;40;LAV
fert438;05.05.2017;50;DASA
fert438;19.05.2017;30;LAV
fert439;13.03.2017;40;LAV
fert439;05.05.2017;50;DASA
fert439;19.05.2017;30;LAV
fert439;08.06.2017;40;LAV
fert440;23.03.2018;40;DASA
fert440;27.04.2018;50;LAV
fert440;10.05.2018;30;LAV
fert441;23.03.2018;40;DASA
fert441;27.04.2018;50;LAV
fert441;10.05.2018;30;LAV
fert441;23.05.2018;40;LAV
fert442;19.03.2019;40;LAV
fert442;08.04.2019;50;DASA
fert442;02.05.2019;30;DASA
fert443;19.03.2019;40;LAV
fert443;08.04.2019;50;DASA
fert443;02.05.2019;30;DASA
fert443;30.05.2019;40;LAV
fert444;06.03.2020;40;LAV
fert444;20.04.2020;50;DASA
fert444;11.05.2020;30;DASA
fert445;06.03.2020;40;LAV
fert445;20.04.2020;50;DASA
fert445;11.05.2020;30;DASA
fert445;22.05.2020;40;LAV
fert446;11.03.2021;45;LAV
fert446;10.05.2021;50;DASA
fert446;26.05.2021;30;LAV
fert447;11.03.2021;45;LAV
fert447;10.05.2021;50;DASA
fert447;26.05.2021;30;LAV
fert447;03.06.2021;40;LAV
fert448;02.03.2022;40;LAV
fert448;29.04.2022;50;DASA
fert448;13.05.2022;30;LAV
fert449;02.03.2022;40;LAV
fert449;29.04.2022;50;DASA
fert449;13.05.2022;30;LAV
fert449;20.05.2022;40;LAV
fert450;28.03.2022;35;LAV
fert450;21.03.2023;35;LAV
fert450;04.05.2023;60;DASA
fert451;30.03.2023;60;DASA
fert451;12.05.2023;30;LAV
fert452;28.03.2022;35;LAV
fert452;21.03.2023;35;LAV
fert452;04.05.2023;60;DASA
fert452;23.05.2023;40;LAV
fert453;30.03.2023;60;DASA
fert453;12.05.2023;30;LAV
fert453;22.05.2023;40;LAV
fert454;19.03.2024;60;DASA
fert454;12.04.2024;30;LAV
fert455;19.03.2024;60;DASA
fert455;12.04.2024;30;LAV
fert455;30.04.2024;40;LAV
fert456;05.04.2006;50;LAV
fert456;02.05.2006;30;LAV
fert457;05.04.2006;50;LAV
fert457;02.05.2006;30;LAV
fert457;22.05.2006;40;LAV
fert458;16.03.2007;60;LAV
fert458;05.04.2007;50;LAV
fert459;16.03.2007;60;LAV
fert459;05.04.2007;50;LAV
fert459;19.04.2007;40;LAV
fert460;25.03.2008;60;LAV
fert460;22.04.2008;50;LAV
fert461;25.03.2008;60;LAV
fert461;22.04.2008;50;LAV
fert461;04.06.2008;40;LAV
fert462;23.03.2009;50;LAV
fert462;24.04.2009;50;LAV
fert463;23.03.2009;50;LAV
fert463;24.04.2009;50;LAV
fert463;08.06.2009;40;LAV
fert464;26.03.2010;50;LAV
fert464;22.04.2010;50;LAV
fert465;26.03.2010;50;LAV
fert465;22.04.2010;50;LAV
fert465;14.06.2010;40;LAV
fert466;31.03.2011;30;LAV
fert466;02.05.2011;30;LAV
fert467;21.08.2010;30;NPK
fert467;31.03.2011;30;LAV
fert467;02.05.2011;30;LAV
fert468;31.03.2011;30;LAV
fert468;02.05.2011;30;LAV
fert468;31.05.2011;40;LAV
fert469;21.08.2010;30;NPK
fert469;31.03.2011;30;LAV
fert469;02.05.2011;30;LAV
fert469;31.05.2011;40;LAV
fert470;05.03.2012;50;LAV
fert470;23.03.2012;30;LAV
fert471;15.03.2012;40;LAV
fert471;23.03.2012;30;LAV
fert472;15.03.2012;50;LAV
fert472;23.03.2012;30;LAV
fert473;05.03.2012;50;LAV
fert473;23.03.2012;30;LAV
fert473;31.05.2012;40;LAV
fert474;15.03.2012;40;LAV
fert474;23.03.2012;30;LAV
fert474;31.05.2012;40;LAV
fert475;15.03.2012;50;LAV
fert475;23.03.2012;30;LAV
fert475;31.05.2012;40;LAV
fert476;15.03.2013;40;LAV
fert476;18.05.2013;30;LAV
fert477;15.03.2013;40;LAV
fert477;18.05.2013;30;LAV
fert477;07.06.2013;40;LAV
fert478;27.02.2014;30;DASA
fert478;11.04.2014;30;LAV
fert479;27.02.2014;30;DASA
fert479;11.04.2014;30;LAV
fert479;26.05.2014;40;LAV
fert480;13.03.2015;40;DASA
fert480;29.04.2015;30;LAV
fert480;18.05.2015;20;LAV
fert481;13.03.2015;40;DASA
fert481;29.04.2015;30;LAV
fert481;18.05.2015;20;LAV
fert481;25.05.2015;30;LAV
fert482;23.03.2016;40;DASA
fert483;29.03.2016;40;DASA
fert483;04.05.2016;50;LAV
fert484;23.03.2016;40;DASA
fert484;26.05.2016;40;LAV
fert485;29.03.2016;40;DASA
fert485;04.05.2016;50;LAV
fert485;26.05.2016;40;LAV
fert486;08.03.2017;40;DASA
fert486;07.05.2017;50;LAV
fert486;22.05.2017;30;LAV
fert487;08.03.2017;40;DASA
fert487;07.05.2017;50;LAV
fert487;22.05.2017;30;LAV
fert487;02.06.2017;40;LAV
fert488;02.03.2018;40;DASA
fert488;23.04.2018;40;LAV
fert489;02.03.2018;40;DASA
fert489;23.04.2018;40;LAV
fert489;18.05.2018;40;LAV
fert490;21.03.2019;40;LAV
fert490;24.04.2019;50;LAV
fert491;21.03.2019;40;LAV
fert491;24.04.2019;50;LAV
fert491;03.06.2019;40;LAV
fert492;10.03.2020;40;LAV
fert492;07.04.2020;40;DASA
fert493;10.03.2020;40;LAV
fert493;07.04.2020;40;DASA
fert493;01.06.2020;40;LAV
fert494;08.03.2021;40;DASA
fert494;04.05.2021;40;LAV
fert495;08.03.2021;40;DASA
fert495;04.05.2021;40;LAV
fert495;03.06.2021;40;LAV
fert496;02.03.2022;40;DASA
fert496;04.05.2022;40;LAV
fert497;02.03.2022;40;DASA
fert497;04.05.2022;40;LAV
fert497;20.05.2022;40;LAV
fert498;21.03.2023;40;LAD
fert498;20.04.2023;40;LAV
fert499;21.03.2023;40;LAD
fert499;20.04.2023;40;LAV
fert499;23.05.2023;40;LAD
fert500;06.03.2024;40;DASA
fert500;16.04.2024;40;LAD
fert501;14.03.2024;40;DASA
fert501;11.04.2024;50;LAV
fert502;06.03.2024;40;DASA
fert502;16.04.2024;40;LAD
fert502;14.05.2024;40;LAD
fert503;14.03.2024;40;DASA
fert503;11.04.2024;50;LAV
fert503;11.05.2024;40;LAV
fert504;20.09.2005;25;Amofos_NP
fert504;23.03.2006;51;LAD
fert505;20.09.2005;25;Amofos_NP
fert505;23.03.2006;51;LAD
fert505;03.05.2006;6;Kamasol_NPK
fert505;02.06.2006;5;Magnitra_L
fert506;20.03.2007;67.5;LAV
fert506;11.04.2007;0.2;Kamasol_NPK
fert507;20.02.2008;40.5;LAD
fert507;27.03.2008;55;LAD
fert508;03.09.2008;17.3;Amofos_NP
fert508;20.02.2009;57.5;LAD
fert508;27.03.2009;54;LAD
fert509;03.09.2008;17.3;Amofos_NP
fert509;20.02.2009;57.5;LAD
fert509;27.03.2009;54;LAD
fert509;22.05.2009;4;Magnitra_L
fert510;01.09.2009;17.4;Amofos_NP
fert510;24.03.2010;57.8;LAD
fert510;20.04.2010;54;LAD
fert511;01.09.2009;17.4;Amofos_NP
fert511;24.03.2010;57.8;LAD
fert511;20.04.2010;54;LAD
fert511;28.05.2010;4;Magnitra_L
fert512;02.09.2010;19;Amofos_NP
fert512;11.04.2011;60;LAD
fert513;02.09.2010;19;Amofos_NP
fert513;11.04.2011;60;LAD
fert513;19.05.2011;4;Magnitra_L
fert514;05.03.2012;12;Amofos_NP
fert514;07.03.2012;82.4;LAD
fert515;22.09.2012;12;Amofos_NP
fert515;07.03.2012;82.4;LAD
fert516;05.03.2012;12;Amofos_NP
fert516;07.03.2012;82.4;LAD
fert516;21.05.2012;3;Magnitra_L
fert517;22.09.2012;12;Amofos_NP
fert517;07.03.2012;82.4;LAD
fert517;21.05.2012;3;Magnitra_L
fert518;14.03.2013;60;LAD
fert518;09.05.2013;54;LAD
fert519;19.09.2013;18;Amofos_NP
fert519;01.04.2014;81;LAD
fert519;30.04.2014;57;LAD
fert520;19.09.2013;18;Amofos_NP
fert520;01.04.2014;81;LAD
fert520;30.04.2014;57;LAD
fert520;09.05.2014;52;LAD
fert521;15.04.2015;81;LAD
fert521;30.04.2015;57;LAD
fert522;15.04.2015;81;LAD
fert522;30.04.2015;57;LAD
fert522;12.05.2015;52;LAD
fert523;29.03.2016;54;LAD
fert523;15.04.2016;55;LAD
fert524;29.03.2016;54;LAD
fert524;15.04.2016;55;LAD
fert524;18.05.2016;40;LAD
fert525;03.03.2017;53;Yara_Bela
fert525;24.04.2017;52;LAV
fert526;03.03.2017;53;Yara_Bela
fert526;24.04.2017;62;LAV
fert527;18.03.2018;54;LAD
fert527;13.04.2018;54;LAD
fert527;03.05.2018;54;LAD
fert528;27.02.2019;55;LAD
fert528;27.03.2019;55;LAD
fert529;27.02.2019;55;LAD
fert529;27.03.2019;55;LAD
fert529;15.04.2019;20;LAD
fert530;23.03.2020;58;LAV
fert530;28.04.2020;55;LAV
fert531;23.03.2020;63;LAV
fert531;28.04.2020;60;LAV
fert532;23.03.2020;58;LAV
fert532;28.04.2020;55;LAV
fert532;19.05.2020;2.5;Fertigreen
fert532;27.05.2020;2.5;Fertigreen
fert533;04.05.2021;58;LAV
fert533;11.05.2021;55;LAV
fert534;04.05.2021;63;LAV
fert534;11.05.2021;60;LAV
fert535;28.02.2022;54;LAD
fert535;22.04.2022;52;LAD
fert536;28.02.2022;64;LAD
fert536;22.04.2022;60;LAD
fert537;03.03.2023;54;LAD
fert537;20.04.2023;52;LAD
fert538;03.03.2023;64;LAD
fert538;20.04.2023;60;LAD
fert539;09.04.2024;81;LAD
fert540;09.04.2024;81;LAD
fert540;18.04.2024;1.5;urea
fert541;06.03.2015;50;DASA
fert541;20.03.2015;30;LAV
fert541;17.04.2015;50;LAV
fert542;06.03.2015;50;DASA
fert542;20.03.2015;30;LAV
fert542;17.04.2015;50;LAV
fert542;25.05.2015;40;LAV
fert543;24.03.2006;50;LAV
fert543;12.05.2006;50;LAV
fert544;24.03.2006;50;LAV
fert544;12.05.2006;50;LAV
fert544;29.05.2006;40;LAV
fert545;02.10.2006;30;SA
fert545;07.03.2007;25;LAV
fert545;16.03.2007;25;LAV
fert545;18.04.2007;50;LAV
fert620;02.10.2006;30;SA
fert620;07.03.2007;25;LAV
fert620;16.03.2007;25;LAV
fert620;18.04.2007;50;LAV
fert620;14.05.2007;40;LAV
fert546;02.10.2007;30;SA
fert546;25.02.2008;50;LAV
fert546;14.04.2008;50;LAV
fert547;02.10.2007;30;SA
fert547;25.02.2008;50;LAV
fert547;14.04.2008;50;LAV
fert547;06.05.2008;40;LAV
fert548;20.03.2009;30;LAV
fert548;01.04.2009;30;LAV
fert548;29.04.2009;50;LAV
fert549;20.03.2009;30;LAV
fert549;01.04.2009;30;LAV
fert549;29.04.2009;50;LAV
fert549;13.05.2009;40;LAV
fert550;04.03.2010;30;LAV
fert550;24.03.2010;30;LAV
fert550;21.04.2010;50;LAV
fert551;04.03.2010;30;LAV
fert551;24.03.2010;30;LAV
fert551;21.04.2010;50;LAV
fert551;18.05.2010;40;LAV
fert552;22.02.2011;30;LAV
fert552;15.03.2011;30;LAV
fert552;20.04.2011;50;LAV
fert553;22.02.2011;30;LAV
fert553;15.03.2011;30;LAV
fert553;20.04.2011;50;LAV
fert553;20.05.2011;40;LAV
fert554;05.03.2012;30;LAV
fert554;16.03.2012;30;LAV
fert554;20.04.2012;40;LAV
fert555;05.03.2012;30;LAV
fert555;16.03.2012;30;LAV
fert555;20.04.2012;40;LAV
fert555;15.05.2012;40;LAV
fert556;07.03.2013;30;LAV
fert556;25.03.2013;30;LAV
fert556;22.04.2013;50;LAV
fert557;07.03.2013;30;LAV
fert557;25.03.2013;30;LAV
fert557;22.04.2013;50;LAV
fert557;20.05.2013;40;LAV
fert558;24.02.2014;30;LAV
fert558;07.03.2014;30;LAV
fert558;14.04.2014;50;LAV
fert559;24.02.2014;30;LAV
fert559;07.03.2014;30;LAV
fert559;14.04.2014;50;LAV
fert559;09.05.2014;40;LAV
fert560;09.03.2015;30;DASA
fert560;23.03.2015;30;LAV
fert560;16.04.2015;50;LAV
fert561;09.03.2015;30;DASA
fert561;23.03.2015;30;LAV
fert561;16.04.2015;50;LAV
fert561;20.05.2015;40;LAV
fert562;14.03.2016;30;DASA
fert562;30.03.2016;20;LAV
fert562;20.04.2016;60;LAV
fert563;14.03.2016;30;DASA
fert563;30.03.2016;20;LAV
fert563;20.04.2016;60;LAV
fert563;19.05.2016;40;LAV
fert564;03.03.2017;30;LAV
fert564;17.03.2017;20;DASA
fert564;21.04.2017;50;LAV
fert565;03.03.2017;30;LAV
fert565;17.03.2017;20;DASA
fert565;21.04.2017;50;LAV
fert565;16.05.2017;40;LAV
fert566;02.03.2018;25;LAV
fert566;26.03.2018;25;DASA
fert566;20.04.2018;50;LAV
fert567;02.03.2018;25;LAV
fert567;26.03.2018;25;DASA
fert567;20.04.2018;50;LAV
fert567;09.05.2018;40;LAV
fert568;28.02.2019;50;LAV
fert568;08.04.2019;30;DASA
fert568;17.04.2019;30;LAV
fert569;28.02.2019;50;LAV
fert569;08.04.2019;30;DASA
fert569;17.04.2019;30;LAV
fert569;13.05.2019;40;LAV
fert570;13.03.2020;50;LAV
fert570;15.04.2020;30;DASA
fert570;21.04.2020;35;LAV
fert571;13.03.2020;50;LAV
fert571;15.04.2020;30;DASA
fert571;21.04.2020;35;LAV
fert571;20.05.2020;40;LAV
fert572;03.03.2021;36;LAV
fert572;17.03.2021;21;LAV
fert572;26.04.2021;58;DASA
fert573;03.03.2021;36;LAV
fert573;17.03.2021;21;LAV
fert573;26.04.2021;58;DASA
fert573;21.05.2021;40;LAV
fert574;22.02.2022;27;LAD
fert574;11.03.2022;22;LAD
fert574;08.04.2022;59;DASA
fert575;22.02.2022;27;LAD
fert575;11.03.2022;22;LAD
fert575;08.04.2022;59;DASA
fert575;12.05.2022;40;LAD
fert576;28.02.2023;28;LAD
fert576;16.03.2023;20;LAD
fert576;04.04.2023;53;DASA
fert577;28.02.2023;28;LAD
fert577;16.03.2023;20;LAD
fert577;04.04.2023;53;DASA
fert577;04.04.2023;40;LAD
fert578;29.02.2024;53;LAD
fert578;10.04.2024;48;DASA
fert579;29.02.2024;53;LAD
fert579;10.04.2024;48;DASA
fert579;29.04.2024;40;LAD
fert580;10.09.2005;30;NPK
fert580;28.03.2006;40;LAV
fert580;18.05.2006;30;LAV
fert581;10.09.2005;30;NPK
fert581;28.03.2006;40;LAV
fert581;18.05.2006;30;LAV
fert581;05.06.2006;30;LAV
fert582;10.09.2006;30;NPK
fert582;14.03.2007;30;LAV
fert582;15.05.2007;30;LAV
fert583;10.09.2006;30;NPK
fert583;14.03.2007;30;LAV
fert583;15.05.2007;30;LAV
fert583;28.05.2007;30;LAV
fert584;12.09.2007;30;NPK
fert584;07.03.2008;30;LAV
fert584;30.04.2008;30;LAV
fert585;12.09.2007;30;NPK
fert585;07.03.2008;30;LAV
fert585;30.04.2008;30;LAV
fert585;20.05.2008;30;LAV
fert586;17.03.2009;30;LAV
fert586;05.05.2009;40;LAV
fert587;17.03.2009;30;LAV
fert587;05.05.2009;40;LAV
fert587;14.05.2009;40;LAV
fert588;12.03.2010;30;LAV
fert588;30.04.2010;30;LAV
fert589;12.03.2010;30;LAV
fert589;30.04.2010;30;LAV
fert589;28.05.2010;40;LAV
fert590;21.08.2010;30;NPK
fert590;03.03.2011;30;LAV
fert590;28.04.2011;30;LAV
fert591;21.08.2010;30;NPK
fert591;03.03.2011;30;LAV
fert591;28.04.2011;30;LAV
fert591;30.05.2011;40;LAV
fert592;10.08.2011;30;NPK
fert592;26.02.2012;30;LAV
fert592;02.05.2012;30;LAV
fert593;10.08.2011;30;NPK
fert593;26.02.2012;30;LAV
fert593;02.05.2012;30;LAV
fert593;27.05.2012;40;LAV
fert594;13.08.2012;30;NPK
fert594;28.02.2013;30;LAV
fert594;24.04.2013;30;LAV
fert595;13.08.2012;30;NPK
fert595;28.02.2013;30;LAV
fert595;24.04.2013;30;LAV
fert595;29.05.2013;40;LAV
fert596;20.08.2013;30;NPK
fert596;15.02.2014;30;LAV
fert596;15.04.2014;30;LAV
fert597;20.08.2013;30;NPK
fert597;15.02.2014;30;LAV
fert597;15.04.2014;30;LAV
fert597;12.05.2014;30;LAV
fert598;25.02.2015;30;DASA
fert598;07.05.2015;30;LAV
fert599;25.02.2015;30;DASA
fert599;07.05.2015;30;LAV
fert599;25.05.2015;40;LAV
fert600;29.10.2015;32;NPK
fert600;26.02.2016;40;DASA
fert600;30.04.2016;40;LAD
fert601;29.10.2015;32;NPK
fert601;26.02.2016;40;DASA
fert601;30.04.2016;40;LAD
fert601;27.05.2016;40;LAD
fert602;29.10.2016;32;NPK
fert602;20.02.2017;40;DASA
fert602;25.04.2017;40;LAD
fert603;29.10.2016;32;NPK
fert603;20.02.2017;40;DASA
fert603;25.04.2017;40;LAD
fert603;27.05.2017;40;LAD
fert604;27.10.2017;32;NPK
fert604;28.02.2018;40;DASA
fert604;20.04.2018;40;LAD
fert605;27.10.2017;32;NPK
fert605;28.02.2018;40;DASA
fert605;20.04.2018;40;LAD
fert605;24.05.2018;40;LAD
fert606;27.09.2018;30;NPK
fert606;19.02.2019;50;DASA
fert606;12.04.2019;40;LAD
fert607;27.09.2018;30;NPK
fert607;19.02.2019;50;DASA
fert607;12.04.2019;40;LAD
fert607;27.05.2019;40;LAD
fert608;28.02.2020;40;DASA
fert608;09.04.2020;40;LAD
fert609;28.02.2020;40;DASA
fert609;09.04.2020;40;LAD
fert609;23.05.2020;40;LAD
fert610;05.03.2021;40;DASA
fert610;03.05.2021;40;LAD
fert611;05.03.2021;40;DASA
fert611;03.05.2021;40;LAD
fert611;01.06.2021;40;LAD
fert612;01.03.2022;40;DASA
fert612;19.04.2022;40;LAD
fert613;01.03.2022;40;DASA
fert613;19.04.2022;40;LAD
fert613;19.05.2022;40;LAD
fert614;01.10.2022;32;NPK
fert614;01.03.2023;40;DASA
fert614;30.03.2023;40;LAD
fert615;01.03.2023;40;DASA
fert615;30.03.2023;40;LAD
fert616;01.10.2022;32;NPK
fert616;01.03.2023;40;DASA
fert616;30.03.2023;40;LAD
fert616;16.05.2023;40;LAD
fert617;01.03.2023;40;DASA
fert617;30.03.2023;40;LAD
fert617;16.05.2023;40;LAD
fert618;20.09.2023;32;NPK
fert618;07.03.2024;40;DASA
fert618;05.04.2024;40;LAD
fert619;20.09.2023;32;NPK
fert619;07.03.2024;40;DASA
fert619;05.04.2024;40;LAD
fert619;02.05.2024;40;LAD
fert621;05.04.2006;30;LAV
fert621;21.04.2006;30;LAV
fert621;10.05.2006;60;LAV
fert622;05.04.2006;30;LAV
fert622;21.04.2006;30;LAV
fert622;10.05.2006;60;LAV
fert622;26.05.2006;40;LAV
fert623;21.02.2007;30;LAV
fert623;12.03.2007;30;LAV
fert623;11.04.2007;60;LAV
fert624;21.02.2007;30;LAV
fert624;12.03.2007;30;LAV
fert624;11.04.2007;60;LAV
fert624;04.05.2007;40;LAV
fert625;19.03.2008;30;LAV
fert625;07.04.2008;30;LAV
fert625;28.04.2008;60;LAV
fert626;19.03.2008;30;LAV
fert626;07.04.2008;30;LAV
fert626;28.04.2008;60;LAV
fert626;29.05.2008;40;LAV
fert627;03.04.2009;50;LAV
fert627;29.04.2009;50;LAV
fert628;03.04.2009;50;LAV
fert628;29.04.2009;50;LAV
fert628;14.05.2009;40;LAV
fert629;19.03.2010;50;LAV
fert629;30.04.2010;50;LAV
fert630;19.03.2010;50;LAV
fert630;30.04.2010;50;LAV
fert630;25.05.2010;40;LAV
fert631;08.03.2011;50;LAV
fert631;20.04.2011;50;LAV
fert632;08.03.2011;50;LAV
fert632;20.04.2011;50;LAV
fert632;09.05.2011;40;LAV
fert633;05.03.2012;60;LAD
fert633;03.05.2012;50;LAD
fert634;15.03.2012;60;LAD
fert634;03.05.2012;50;LAD
fert635;05.03.2012;60;LAD
fert635;03.05.2012;50;LAD
fert635;25.05.2012;40;LAD
fert636;15.03.2012;60;LAD
fert636;03.05.2012;50;LAD
fert636;21.05.2012;40;LAD
fert637;07.03.2013;60;LAD
fert637;30.04.2013;50;LAD
fert638;07.03.2013;60;LAD
fert638;30.04.2013;50;LAD
fert638;21.05.2013;40;LAD
fert639;21.02.2014;30;LAS
fert639;07.03.2014;30;LAS
fert639;07.04.2014;50;LAD
fert640;21.02.2014;30;LAS
fert640;07.03.2014;30;LAS
fert640;07.04.2014;50;LAD
fert640;02.05.2014;40;LAD
fert641;10.03.2015;18;SA
fert641;10.03.2015;12;LAD
fert641;23.04.2015;50;LAD
fert641;12.05.2015;30;LAD
fert642;10.03.2015;18;SA
fert642;10.03.2015;12;LAD
fert642;23.04.2015;50;LAD
fert642;12.05.2015;30;LAD
fert642;22.05.2015;40;LAD
fert643;10.03.2016;13;SA
fert643;11.03.2016;37;LAD
fert643;19.04.2016;50;LAD
fert643;11.05.2016;30;LAD
fert644;10.03.2016;13;SA
fert644;11.03.2016;37;LAD
fert644;19.04.2016;50;LAD
fert644;11.05.2016;30;LAD
fert644;24.05.2016;40;LAD
fert645;13.03.2017;30;LAD
fert645;24.04.2017;30;LAD
fert645;25.04.2017;20;SA
fert645;16.05.2017;30;LAD
fert646;13.03.2017;30;LAD
fert646;24.04.2017;30;LAD
fert646;25.04.2017;20;SA
fert646;16.05.2017;30;LAD
fert646;29.05.2017;40;LAD
fert647;20.03.2018;30;LAD
fert647;23.04.2018;20;SA
fert647;30.04.2018;40;LAD
fert647;04.05.2018;30;LAD
fert648;20.03.2018;30;LAD
fert648;23.04.2018;20;SA
fert648;30.04.2018;40;LAD
fert648;04.05.2018;30;LAD
fert648;15.05.2018;40;LAD
fert649;27.02.2019;30;LAV
fert649;09.04.2019;26;SA
fert649;09.04.2019;54;LAV
fert650;27.02.2019;30;LAV
fert650;09.04.2019;30;SA
fert650;09.04.2019;50;LAV
fert651;27.02.2019;30;LAV
fert651;09.04.2019;26;SA
fert651;09.04.2019;54;LAV
fert651;21.05.2019;40;LAV
fert652;27.02.2019;30;LAV
fert652;09.04.2019;30;SA
fert652;09.04.2019;50;LAV
fert652;21.05.2019;40;LAV
fert653;20.02.2020;30;LAV
fert653;30.03.2020;27;LAD
fert653;30.03.2020;26;SA
fert653;17.04.2020;27;LAV
fert654;20.02.2020;30;LAV
fert654;30.03.2020;27;LAD
fert654;30.03.2020;26;SA
fert654;17.04.2020;27;LAV
fert654;13.05.2020;40;LAV
fert655;09.03.2021;30;LAV
fert655;12.05.2021;30;SA
fert655;12.05.2021;30;LAV
fert656;09.03.2021;30;LAV
fert656;12.05.2021;30;SA
fert656;12.05.2021;30;LAV
fert656;25.05.2021;40;LAV
fert657;09.03.2022;40;LAD
fert657;29.04.2022;20;SA
fert657;29.04.2022;30;LAV
fert657;06.05.2022;30;LAV
fert658;09.03.2022;40;LAD
fert658;29.04.2022;20;SA
fert658;29.04.2022;30;LAV
fert658;06.05.2022;30;LAV
fert658;16.05.2022;40;LAV
fert659;28.02.2023;30;LAD
fert659;18.04.2023;20;SA
fert659;18.04.2023;50;LAV
fert659;12.05.2023;30;LAV
fert660;28.02.2023;30;LAD
fert660;18.04.2023;20;SA
fert660;18.04.2023;50;LAV
fert660;12.05.2023;30;LAV
fert660;23.05.2023;40;LAD
fert661;05.03.2024;40;LAD
fert661;08.04.2024;20;SA
fert661;08.04.2024;50;LAV
fert661;16.04.2024;30;LAV
fert662;05.03.2024;40;LAD
fert662;08.04.2024;20;SA
fert662;08.04.2024;50;LAV
fert662;16.04.2024;30;LAV
fert662;26.04.2024;40;LAV
fert663;07.04.2006;50;LAV
fert663;10.05.2006;50;LAV
fert664;07.04.2006;50;LAV
fert664;10.05.2006;50;LAV
fert664;23.05.2006;40;LAV
fert665;13.03.2007;60;LAV
fert665;19.04.2007;50;LAV
fert666;13.03.2007;60;LAV
fert666;19.04.2007;50;LAV
fert666;18.05.2007;40;LAV
fert667;10.03.2008;70;LAV
fert667;05.05.2008;40;LAV
fert668;10.03.2008;70;LAV
fert668;05.05.2008;40;LAV
fert668;29.05.2008;40;LAV
fert669;10.04.2009;60;LAV
fert669;28.04.2009;50;LAV
fert670;10.04.2009;60;LAV
fert670;28.04.2009;50;LAV
fert670;22.05.2009;40;LAV
fert671;01.04.2010;60;LAV
fert671;30.04.2010;50;LAV
fert672;01.04.2010;60;LAV
fert672;30.04.2010;50;LAV
fert672;04.06.2010;40;LAV
fert673;14.03.2011;60;LAV
fert673;26.04.2011;50;LAV
fert674;14.03.2011;60;LAV
fert674;26.04.2011;50;LAV
fert674;20.05.2011;40;LAV
fert675;05.03.2012;60;LAV
fert675;27.04.2012;50;LAV
fert676;16.03.2012;60;LAV
fert676;27.04.2012;50;LAV
fert677;05.03.2012;60;LAV
fert677;27.04.2012;50;LAV
fert677;29.05.2012;40;LAV
fert678;16.03.2012;60;LAV
fert678;27.04.2012;50;LAV
fert678;23.05.2012;40;LAV
fert679;15.03.2013;60;LAV
fert679;14.05.2013;50;LAV
fert680;15.03.2013;60;LAV
fert680;14.05.2013;50;LAV
fert680;17.06.2013;40;LAV
fert681;03.03.2014;35;DASA
fert681;14.03.2014;35;DASA
fert681;24.04.2014;50;LAV
fert682;03.03.2014;35;DASA
fert682;14.03.2014;35;DASA
fert682;24.04.2014;50;LAV
fert682;23.05.2014;40;LAV
fert683;09.09.2015;30;DASA
fert683;23.03.2015;30;LAV
fert683;04.05.2015;60;LAV
fert684;09.09.2015;30;DASA
fert684;23.03.2015;30;LAV
fert684;04.05.2015;60;LAV
fert684;04.06.2015;40;LAV
fert685;21.03.2016;50;DASA
fert685;28.04.2016;60;LAV
fert686;21.03.2016;50;DASA
fert686;28.04.2016;60;LAV
fert686;28.05.2016;40;LAV
fert687;16.03.2017;50;DASA
fert687;24.04.2017;60;LAV
fert688;16.03.2017;50;DASA
fert688;24.04.2017;60;LAV
fert688;31.05.2017;40;LAV
fert689;26.03.2018;50;DASA
fert689;30.04.2018;60;LAV
fert690;26.03.2018;50;DASA
fert690;30.04.2018;60;LAV
fert690;17.05.2018;40;LAV
fert691;20.03.2019;50;LAV
fert691;24.04.2019;60;DASA
fert692;20.03.2019;50;LAV
fert692;24.04.2019;60;DASA
fert692;03.06.2019;40;LAV
fert693;17.03.2020;50;LAV
fert693;17.04.2020;60;DASA
fert694;17.03.2020;50;LAV
fert694;17.04.2020;60;DASA
fert694;11.05.2020;40;LAV
fert695;09.03.2021;50;LAV
fert695;30.04.2021;60;DASA
fert696;09.03.2021;50;LAV
fert696;30.04.2021;60;DASA
fert696;17.05.2021;40;LAV
fert697;10.03.2022;50;LAV
fert697;09.05.2022;60;DASA
fert698;10.03.2022;50;LAV
fert698;09.05.2022;60;DASA
fert698;20.05.2022;40;LAV
fert699;08.03.2023;50;LAV
fert699;04.05.2023;60;DASA
fert700;08.03.2023;50;LAV
fert700;04.05.2023;60;DASA
fert700;22.05.2023;40;LAV
fert701;08.03.2024;50;LAV
fert701;10.04.2024;60;DASA
fert702;08.03.2024;50;LAV
fert702;10.04.2024;60;DASA
fert702;06.05.2024;40;LAV
fert703;19.02.2015;50;LAD
fert703;08.04.2015;60;DASA
fert704;19.02.2015;50;LAD
fert704;08.04.2015;60;DASA
fert704;20.05.2015;40;LAD
fert705;07.10.2005;30;LAV
fert705;06.04.2006;40;LAV
fert705;09.05.2006;40;LAV
fert706;07.10.2005;30;LAV
fert706;06.04.2006;40;LAV
fert706;09.05.2006;40;LAV
fert706;23.05.2006;40;LAV
fert707;11.10.2006;30;LAV
fert707;06.03.2007;50;LAV
fert707;06.04.2007;40;LAV
fert708;11.10.2006;30;LAV
fert708;06.03.2007;50;LAV
fert708;06.04.2007;40;LAV
fert708;04.05.2007;40;LAV
fert709;08.10.2007;30;LAV
fert709;11.03.2008;40;LAV
fert709;29.04.2008;40;LAV
fert710;08.10.2007;30;LAV
fert710;11.03.2008;40;LAV
fert710;29.04.2008;40;LAV
fert710;23.05.2008;40;LAV
fert711;03.10.2008;30;LAV
fert711;17.03.2009;50;LAV
fert711;20.04.2009;50;LAV
fert712;03.10.2008;30;LAV
fert712;17.03.2009;50;LAV
fert712;20.04.2009;50;LAV
fert712;13.05.2009;40;LAV
fert713;24.03.2010;50;LAV
fert713;30.04.2010;60;LAV
fert714;24.03.2010;50;LAV
fert714;30.04.2010;60;LAV
fert714;24.05.2010;40;LAV
fert715;09.03.2011;30;LAV
fert715;15.03.2011;30;LAV
fert715;27.04.2011;50;LAV
fert716;09.03.2011;30;LAV
fert716;15.03.2011;30;LAV
fert716;27.04.2011;50;LAV
fert716;11.05.2011;40;LAV
fert717;05.03.2012;50;LAV
fert717;28.03.2012;10;LAV
fert718;14.03.2012;50;LAV
fert718;28.03.2012;10;LAV
fert718;27.04.2012;55;LAV
fert719;14.03.2012;50;LAV
fert719;28.03.2012;10;LAV
fert720;18.03.2013;30;LAV
fert720;03.04.2013;30;LAV
fert720;04.05.2013;50;LAV
fert721;18.03.2013;30;LAV
fert721;03.04.2013;30;LAV
fert721;04.05.2013;50;LAV
fert721;23.05.2013;40;LAV
fert722;06.03.2014;60;LAV
fert722;11.04.2014;40;LAV
fert723;06.03.2014;60;LAV
fert723;11.04.2014;40;LAV
fert723;02.06.2014;40;LAV
fert724;11.03.2015;50;DASA
fert724;27.04.2015;60;LAV
fert725;11.03.2015;50;DASA
fert725;27.04.2015;60;LAV
fert725;01.06.2015;40;LAV
fert726;21.03.2016;50;DASA
fert726;21.04.2016;60;LAV
fert727;21.03.2016;30;DASA
fert727;21.04.2016;30;LAV
fert728;21.03.2016;50;DASA
fert728;21.04.2016;60;LAV
fert728;02.06.2016;40;LAV
fert729;21.03.2016;30;DASA
fert729;21.04.2016;30;LAV
fert729;02.06.2016;50;LAV
fert730;21.03.2016;50;DASA
fert730;21.04.2016;60;LAV
fert730;02.06.2016;40;LAV
fert731;06.03.2017;30;DASA
fert731;17.03.2017;30;DASA
fert731;09.05.2017;60;LAV
fert732;06.03.2017;30;DASA
fert732;17.03.2017;30;DASA
fert732;09.05.2017;60;LAV
fert732;25.05.2017;40;LAV
fert733;03.04.2018;30;DASA
fert733;05.04.2018;30;DASA
fert733;01.05.2018;60;LAV
fert734;03.04.2018;30;DASA
fert734;05.04.2018;30;DASA
fert734;01.05.2018;60;LAV
fert734;10.05.2018;40;LAV
fert735;23.03.2010;30;LAV
fert735;08.04.2010;30;LAV
fert735;27.04.2010;50;LAV
fert736;23.03.2010;30;LAV
fert736;08.04.2010;30;LAV
fert736;27.04.2010;50;LAV
fert736;08.06.2010;40;LAV
fert737;08.03.2011;50;LAV
fert737;02.05.2011;40;LAV
fert738;08.03.2011;50;LAV
fert738;02.05.2011;40;LAV
fert738;17.06.2011;25;LAV
fert739;06.10.2005;40;SA
fert739;05.04.2006;40;LAV
fert739;26.04.2006;30;LAV
fert740;06.10.2005;40;SA
fert740;05.04.2006;40;LAV
fert740;26.04.2006;30;LAV
fert740;23.05.2006;40;LAV
fert741;03.10.2006;30;SA
fert741;07.03.2007;50;LAV
fert741;10.04.2007;40;LAV
fert742;03.10.2006;30;SA
fert742;07.03.2007;50;LAV
fert742;10.04.2007;40;LAV
fert742;18.05.2007;40;LAV
fert743;08.10.2007;30;SA
fert743;18.02.2008;30;LAV
fert743;06.03.2008;30;LAV
fert743;07.04.2008;60;LAV
fert744;08.10.2007;30;SA
fert744;18.02.2008;30;LAV
fert744;06.03.2008;30;LAV
fert744;07.04.2008;60;LAV
fert744;16.05.2008;40;LAV
fert745;20.03.2009;30;LAV
fert745;03.04.2009;30;LAV
fert745;16.04.2009;50;LAV
fert746;20.03.2009;30;LAV
fert746;03.04.2009;30;LAV
fert746;16.04.2009;50;LAV
fert746;21.05.2009;40;LAV
fert747;19.03.2010;30;LAV
fert747;07.04.2010;30;LAV
fert747;27.04.2010;50;LAV
fert748;19.03.2010;30;LAV
fert748;07.04.2010;30;LAV
fert748;27.04.2010;50;LAV
fert748;08.06.2010;40;LAV
fert749;07.03.2011;25;LAV
fert749;28.03.2011;30;LAV
fert749;26.04.2011;40;LAV
fert750;07.03.2011;25;LAV
fert750;28.03.2011;30;LAV
fert750;26.04.2011;40;LAV
fert750;17.06.2011;20;LAV
fert751;05.03.2012;50;LAV
fert751;25.04.2012;40;LAV
fert752;05.03.2012;50;LAV
fert752;25.04.2012;40;LAV
fert752;17.05.2012;40;LAV
fert753;15.03.2013;50;LAV
fert753;06.05.2013;50;LAV
fert754;15.03.2013;50;LAV
fert754;06.05.2013;50;LAV
fert754;07.06.2013;40;LAV
fert755;24.02.2014;50;LAV
fert755;15.04.2014;50;LAV
fert756;24.02.2014;50;LAV
fert756;15.04.2014;50;LAV
fert756;14.05.2014;40;LAV
fert757;17.02.2015;50;DASA
fert757;05.05.2015;60;LAV
fert758;17.02.2015;50;DASA
fert758;05.05.2015;60;LAV
fert758;25.05.2015;40;LAV
fert759;09.09.2015;20;Amofos_NP
fert759;25.02.2016;50;DASA
fert759;25.04.2016;60;LAD
fert760;09.09.2015;20;Amofos_NP
fert760;25.02.2016;50;DASA
fert760;25.04.2016;60;LAD
fert760;23.05.2016;40;LAD
fert761;14.09.2016;25;Amofos_NP
fert761;27.02.2017;20;DASA
fert761;16.03.2017;30;DASA
fert761;20.04.2017;60;LAD
fert762;14.09.2016;25;Amofos_NP
fert762;27.02.2017;20;DASA
fert762;16.03.2017;30;DASA
fert762;20.04.2017;60;LAD
fert762;18.05.2017;40;LAD
fert763;19.03.2018;30;DASA
fert763;03.04.2018;15;LAD
fert763;30.04.2018;30;LAD
fert764;20.03.2018;30;DASA
fert764;03.04.2018;20;LAD
fert764;30.04.2018;40;LAD
fert765;19.03.2018;30;DASA
fert765;03.04.2018;15;LAD
fert765;30.04.2018;30;LAD
fert765;09.05.2018;40;LAD
fert766;20.03.2018;30;DASA
fert766;03.04.2018;20;LAD
fert766;30.04.2018;40;LAD
fert766;09.05.2018;40;LAD
fert767;25.02.2019;30;LAD
fert767;12.03.2019;30;LAD
fert767;16.04.2019;60;DASA
fert768;25.02.2019;30;LAD
fert768;12.03.2019;30;LAD
fert768;16.04.2019;60;DASA
fert768;13.05.2019;40;LAD
fert769;05.03.2020;30;LAD
fert769;16.03.2020;20;LAD
fert769;24.04.2020;60;DASA
fert770;05.03.2020;30;LAD
fert770;16.03.2020;20;LAD
fert770;24.04.2020;60;DASA
fert770;12.05.2020;40;LAD
fert771;03.03.2021;30;LAD
fert771;17.03.2021;20;LAD
fert771;23.04.2021;60;DASA
fert772;03.03.2021;30;LAD
fert772;17.03.2021;20;LAD
fert772;23.04.2021;60;DASA
fert772;19.05.2021;40;LAD
fert773;01.03.2022;30;LAV
fert773;22.03.2022;30;LAV
fert773;19.04.2022;60;DASA
fert774;01.03.2022;30;LAV
fert774;22.03.2022;30;LAV
fert774;19.04.2022;60;DASA
fert774;16.05.2022;40;LAV
fert775;15.02.2023;30;LAD
fert775;03.03.2023;20;LAD
fert775;18.04.2023;60;DASA
fert776;15.02.2023;30;LAD
fert776;03.03.2023;20;LAD
fert776;18.04.2023;60;DASA
fert776;11.05.2023;40;LAD
fert777;22.02.2024;30;LAD
fert777;15.03.2024;30;LAD
fert777;10.04.2024;60;DASA
fert778;22.02.2024;30;LAD
fert778;15.03.2024;30;LAD
fert778;10.04.2024;60;DASA
fert778;06.05.2024;40;LAD
fert779;05.03.2012;50;LAV
fert779;25.04.2012;40;LAV
fert780;05.03.2012;50;LAV
fert780;25.04.2012;40;LAV
fert780;17.05.2012;40;LAV
fert781;13.03.2013;50;LAV
fert781;06.05.2013;50;LAV
fert782;13.03.2013;50;LAV
fert782;06.05.2013;50;LAV
fert782;07.06.2013;40;LAV
fert783;24.02.2014;50;LAV
fert783;15.04.2014;50;LAV
fert784;24.02.2014;50;LAV
fert784;15.04.2014;50;LAV
fert784;14.05.2014;40;LAV
fert785;18.02.2015;40;DASA
fert785;05.05.2015;60;LAV
fert786;18.02.2015;40;DASA
fert786;05.05.2015;60;LAV
fert786;25.05.2015;40;LAV
fert787;25.02.2016;40;DASA
fert787;25.04.2016;40;LAD
fert788;25.02.2016;40;DASA
fert788;25.04.2016;40;LAD
fert788;11.05.2016;40;LAD
fert789;27.02.2017;20;DASA
fert789;21.04.2017;60;LAD
fert790;27.02.2017;20;DASA
fert790;21.04.2017;60;LAD
fert790;18.05.2017;40;LAD
fert791;19.03.2018;30;DASA
fert791;03.04.2018;15;LAD
fert791;30.04.2018;30;LAD
fert792;19.03.2018;30;DASA
fert792;03.04.2018;15;LAD
fert792;30.04.2018;30;LAD
fert792;09.05.2018;40;LAD
fert793;25.02.2019;30;LAD
fert793;12.03.2019;30;LAD
fert793;16.04.2019;60;DASA
fert794;25.02.2019;30;LAD
fert794;12.03.2019;30;LAD
fert794;16.04.2019;60;DASA
fert794;13.05.2019;40;LAD
fert795;05.03.2020;30;LAD
fert795;13.03.2020;20;LAD
fert795;24.04.2020;60;DASA
fert796;05.03.2020;30;LAD
fert796;13.03.2020;20;LAD
fert796;24.04.2020;60;DASA
fert796;12.05.2020;40;LAD
fert797;03.03.2021;30;LAD
fert797;17.03.2021;20;LAD
fert797;23.04.2021;60;DASA
fert798;03.03.2021;30;LAD
fert798;17.03.2021;20;LAD
fert798;23.04.2021;60;DASA
fert798;19.05.2021;40;LAD
fert799;03.03.2022;30;LAV
fert799;09.03.2022;10;LAV
fert799;19.04.2022;60;DASA
fert800;03.03.2022;30;LAV
fert800;09.03.2022;10;LAV
fert800;19.04.2022;60;DASA
fert800;16.05.2022;40;LAV
fert801;15.02.2023;30;LAD
fert801;03.03.2023;20;LAD
fert801;18.04.2023;60;DASA
fert802;15.02.2023;30;LAD
fert802;03.03.2023;20;LAD
fert802;18.04.2023;60;DASA
fert802;11.05.2023;40;LAD
fert803;22.02.2024;30;LAD
fert803;15.03.2024;30;LAD
fert803;10.04.2024;60;DASA
fert804;22.02.2024;30;LAD
fert804;15.03.2024;30;LAD
fert804;10.04.2024;60;DASA
fert804;06.05.2024;40;LAD
fert805;22.02.2024;30;LAD
fert805;15.03.2024;30;LAD
fert805;10.04.2024;60;DASA
fert805;10.04.2024;40;LAD
fert806;18.03.2009;30;LAV
fert806;02.04.2009;40;LAV
fert806;21.04.2009;60;LAV
fert807;18.03.2009;30;LAV
fert807;02.04.2009;40;LAV
fert807;21.04.2009;60;LAV
fert807;21.05.2009;40;LAV
fert808;18.03.2009;30;LAV
fert808;02.04.2009;30;LAV
fert808;22.04.2009;50;LAV
fert808;22.05.2009;40;LAV
fert809;25.03.2009;50;LAV
fert809;30.04.2009;60;LAV
fert809;15.05.2009;40;LAV
fert810;15.03.2010;30;LAV
fert810;25.03.2010;40;LAV
fert810;26.04.2010;60;LAV
fert811;15.03.2010;30;LAV
fert811;25.03.2010;40;LAV
fert811;26.04.2010;60;LAV
fert812;17.03.2010;50;LAV
fert812;04.05.2010;60;LAV
fert812;24.05.2010;40;LAV
fert813;09.03.2011;30;LAV
fert813;25.03.2011;30;LAV
fert813;29.04.2011;50;LAV
fert814;09.03.2011;30;LAV
fert814;25.03.2011;30;LAV
fert814;27.04.2011;50;LAV
fert814;20.05.2011;40;LAV
fert815;06.03.2013;30;LAV
fert815;26.03.2013;30;LAV
fert815;30.04.2013;60;LAV
fert817;06.03.2013;30;LAV
fert817;26.03.2013;40;LAV
fert817;02.05.2013;60;LAV
fert818;06.03.2013;30;LAV
fert818;26.03.2013;40;LAV
fert818;30.04.2013;60;LAV
fert818;06.06.2013;40;LAV
fert819;28.02.2014;30;LAV
fert819;18.03.2014;40;LAV
fert819;14.04.2014;60;LAV
fert820;28.02.2014;30;LAV
fert820;18.03.2014;40;LAV
fert820;14.04.2014;60;LAV
fert820;23.05.2014;40;LAV
fert821;07.03.2016;40;DASA
fert821;29.03.2016;30;LAV
fert821;21.04.2016;60;LAV
fert822;07.03.2016;40;DASA
fert822;29.03.2016;30;LAV
fert822;21.04.2016;60;LAV
fert822;26.05.2016;40;LAV
fert823;06.03.2017;40;DASA
fert823;24.03.2017;40;LAV
fert823;02.05.2017;60;LAV
fert824;06.03.2017;40;DASA
fert824;24.03.2017;40;LAV
fert824;02.05.2017;60;LAV
fert824;25.05.2017;40;LAV
fert825;08.03.2018;40;NS
fert825;26.03.2018;30;LAV
fert825;23.04.2018;60;LAV
fert826;08.03.2018;40;NS
fert826;26.03.2018;30;LAV
fert826;23.04.2018;60;LAV
fert826;14.05.2018;40;LAV
fert827;03.10.2008;30;NPK
fert827;02.04.2009;60;LAV
fert827;27.04.2009;40;LAV
fert828;03.10.2008;30;NPK
fert828;02.04.2009;60;LAV
fert828;27.04.2009;40;LAV
fert828;28.05.2009;40;LAV
fert829;30.09.2009;30;NPK
fert829;30.03.2010;60;LAV
fert829;12.05.2010;60;LAV
fert830;30.09.2009;30;NPK
fert830;30.03.2010;60;LAV
fert830;12.05.2010;60;LAV
fert830;10.06.2010;40;LAV
fert831;06.10.2010;15;NPK
fert831;09.03.2011;60;LAV
fert831;10.05.2011;60;LAV
fert832;06.10.2010;15;NPK
fert832;09.03.2011;60;LAV
fert832;10.05.2011;60;LAV
fert832;30.05.2011;40;LAV
fert833;30.09.2011;15;NPK
fert833;05.03.2012;60;LAV
fert833;03.05.2012;60;LAV
fert834;30.09.2011;15;NPK
fert834;05.03.2012;60;LAV
fert834;03.05.2012;60;LAV
fert834;28.05.2012;40;LAV
fert835;15.04.2013;60;LAV
fert835;16.05.2013;60;LAV
fert836;15.04.2013;60;LAV
fert836;16.05.2013;60;LAV
fert836;20.06.2013;40;LAV
fert837;27.02.2014;40;DASA
fert837;10.03.2014;40;LAV
fert837;30.04.2014;50;LAV
fert838;27.02.2014;40;DASA
fert838;10.03.2014;40;LAV
fert838;30.04.2014;50;LAV
fert838;27.05.2014;40;LAV
fert839;14.03.2016;31;DASA
fert839;29.03.2016;39;LAV
fert839;26.04.2016;60;LAV
fert840;14.03.2016;31;DASA
fert840;29.03.2016;39;LAV
fert840;26.04.2016;60;LAV
fert840;01.06.2016;40;LAV
fert841;08.03.2017;31;DASA
fert841;17.03.2017;49;LAV
fert841;11.05.2017;60;LAV
fert842;08.03.2017;31;DASA
fert842;17.03.2017;49;LAV
fert842;11.05.2017;60;LAV
fert842;07.06.2017;40;LAV
fert843;19.03.2018;31;DASA
fert843;05.04.2018;39;LAV
fert843;24.04.2018;60;LAV
fert844;19.03.2018;31;DASA
fert844;05.04.2018;39;LAV
fert844;24.04.2018;60;LAV
fert844;15.05.2018;40;LAV
fert845;18.03.2009;50;LAV
fert845;29.04.2009;60;LAV
fert845;14.05.2009;40;LAV
fert846;11.03.2010;50;LAV
fert846;26.04.2010;60;LAV
fert846;17.05.2010;40;LAV
fert847;18.03.2009;61;LAV
fert847;29.04.2009;58;LAV
fert848;18.03.2009;61;LAV
fert848;29.04.2009;58;LAV
fert848;25.05.2009;40;LAV
fert849;26.03.2010;65;LAV
fert849;29.04.2010;70;LAV
fert850;26.03.2010;65;LAV
fert850;29.04.2010;70;LAV
fert850;04.06.2010;40;LAV
fert851;15.03.2011;63;LAV
fert851;27.04.2011;63;LAV
fert852;15.03.2011;63;LAV
fert852;27.04.2011;63;LAV
fert852;26.05.2011;40;LAV
fert853;16.03.2012;60;LAV
fert853;02.05.2012;60;LAV
fert854;16.03.2012;60;LAV
fert854;02.05.2012;60;LAV
fert854;29.05.2012;40;LAV
fert855;22.03.2013;48;LAV
fert855;08.04.2013;31;LAV
fert855;07.05.2013;53;LAV
fert856;22.03.2013;48;LAV
fert856;08.04.2013;31;LAV
fert856;07.05.2013;53;LAV
fert856;06.06.2013;40;LAV
fert857;25.02.2014;44;DASA
fert857;03.03.2014;41;LAV
fert857;28.04.2014;64;LAV
fert858;25.02.2014;44;DASA
fert858;03.03.2014;41;LAV
fert858;28.04.2014;64;LAV
fert858;23.05.2014;40;LAV
fert859;09.03.2016;52;DASA
fert859;23.03.2016;21;LAV
fert859;26.04.2016;56;LAV
fert860;09.03.2016;52;DASA
fert860;23.03.2016;21;LAV
fert860;26.04.2016;56;LAV
fert860;30.05.2016;40;LAV
fert861;09.03.2017;53;DASA
fert861;24.03.2017;20;LAV
fert861;28.04.2017;53;LAV
fert862;09.03.2017;53;DASA
fert862;24.03.2017;20;LAV
fert862;28.04.2017;53;LAV
fert862;08.06.2017;40;LAV
fert863;19.03.2018;50;DASA
fert863;03.04.2018;30;LAV
fert863;03.05.2018;50;LAV
fert864;19.03.2018;50;DASA
fert864;03.04.2018;30;LAV
fert864;03.05.2018;50;LAV
fert864;14.05.2018;40;LAV
fert865;16.02.2011;60;LAV
fert865;03.03.2011;50;LAV
fert865;10.05.2011;40;LAV
fert866;27.02.2012;60;LAV
fert866;20.03.2012;50;LAV
fert866;24.04.2012;7;Fortestim
fert867;27.02.2012;60;LAV
fert867;20.03.2012;50;LAV
fert867;24.04.2012;7;Fortestim
fert867;10.05.2012;40;LAV
fert868;04.03.2013;60;LAV
fert868;26.03.2013;50;LAV
fert869;19.03.2009;50;LAV
fert869;20.04.2009;60;LAV
fert869;21.05.2009;40;LAV
fert870;04.03.2010;50;LAV
fert870;11.05.2010;60;LAV
fert870;09.06.2010;40;LAV
fert871;14.03.2016;30;DASA
fert871;06.04.2016;30;LAV
fert871;21.04.2016;60;LAV
fert872;14.03.2016;30;DASA
fert872;06.04.2016;30;LAV
fert872;21.04.2016;60;LAV
fert872;23.05.2016;40;LAV
fert873;02.04.2009;40;LAV
fert873;24.04.2009;50;LAV
fert874;02.04.2009;40;LAV
fert874;24.04.2009;50;LAV
fert874;15.05.2009;40;LAV
fert875;12.04.2010;40;LAV
fert875;03.05.2010;50;LAV
fert876;12.04.2010;40;LAV
fert876;03.05.2010;50;LAV
fert876;24.05.2010;40;LAV
fert877;19.03.2009;50;LAV
fert877;16.04.2009;60;LAV
fert877;04.05.2009;40;LAV
fert878;05.03.2010;50;LAD
fert878;11.05.2010;60;LAD
fert878;25.05.2010;40;LAD
fert879;06.04.2009;40;LAV
fert879;21.04.2009;30;LAV
fert880;06.04.2009;40;LAV
fert880;21.04.2009;30;LAV
fert880;05.05.2009;30;LAV
fert881;27.09.2009;48;LAV
fert881;04.03.2010;30;LAV
fert881;30.04.2010;30;LAV
fert882;27.09.2009;48;LAV
fert882;04.03.2010;30;LAV
fert882;30.04.2010;30;LAV
fert882;07.06.2010;20;LAV
fert883;21.09.2010;48;NPK
fert883;03.03.2011;30;LAV
fert883;24.03.2011;30;LAV
fert884;21.09.2010;48;NPK
fert884;03.03.2011;30;LAV
fert884;24.03.2011;30;LAV
fert884;27.05.2011;30;LAV
fert885;21.03.2012;50;LAV
fert886;18.09.2012;48;NPK
fert886;07.03.2013;30;LAV
fert886;15.04.2013;30;LAV
fert887;18.09.2012;48;NPK
fert887;07.03.2013;30;LAV
fert887;15.04.2013;30;LAV
fert887;16.05.2013;30;LAV
fert888;19.02.2014;20;DASA
fert888;19.02.2014;30;LAV
fert888;02.04.2014;40;LAV
fert888;25.04.2014;30;LAV
fert889;19.02.2014;20;DASA
fert889;19.02.2014;30;LAV
fert889;02.04.2014;40;LAV
fert889;25.04.2014;30;LAV
fert889;02.05.2014;30;LAV
fert890;26.10.2015;30;LAD
fert890;07.03.2016;33;DASA
fert890;30.03.2016;30;LAD
fert890;21.04.2016;40;LAD
fert891;26.10.2015;30;LAD
fert891;07.03.2016;33;DASA
fert891;30.03.2016;30;LAD
fert891;21.04.2016;40;LAD
fert891;20.05.2016;40;LAD
fert892;03.03.2017;39;DASA
fert892;04.04.2017;30;LAV
fert892;01.05.2017;60;LAV
fert893;03.03.2017;39;DASA
fert893;04.04.2017;30;LAV
fert893;01.05.2017;60;LAV
fert893;08.06.2017;40;LAV
fert894;22.03.2018;39;DASA
fert894;17.04.2018;30;LAV
fert894;11.05.2018;30;LAV
fert895;22.03.2018;39;DASA
fert895;17.04.2018;30;LAV
fert895;11.05.2018;30;LAV
fert895;21.05.2018;30;LAV
fert896;17.02.2009;50;LAV
fert896;09.05.2009;50;LAV
fert896;22.05.2009;40;LAV
fert897;05.03.2010;56;LAV
fert897;17.04.2010;20;DAM
fert897;30.04.2010;50;LAV
fert898;24.02.2011;55;LAV
fert898;20.04.2011;65;LAV
fert899;24.02.2011;55;LAV
fert899;20.04.2011;65;LAV
fert899;24.05.2011;40;LAV
fert900;07.03.2012;60;LAV
fert900;26.03.2012;45;LAV
fert900;17.04.2012;15;DAM
fert901;07.03.2012;60;LAV
fert901;26.03.2012;45;LAV
fert901;17.04.2012;15;DAM
fert901;30.05.2012;40;LAV
fert902;16.03.2013;60;LAV
fert902;21.04.2013;67;LAV
fert903;16.03.2013;60;LAV
fert903;21.04.2013;67;LAV
fert903;06.06.2013;40;LAV
fert904;24.02.2014;70;DASA
fert904;30.03.2014;51;LAV
fert905;24.02.2014;70;DASA
fert905;30.03.2014;51;LAV
fert905;30.05.2014;40;LAV
fert906;25.02.2016;53;DASA
fert906;14.03.2016;20;LAV
fert906;06.05.2016;24;LAV
fert907;25.02.2016;53;DASA
fert907;14.03.2016;20;LAV
fert907;06.05.2016;24;LAV
fert907;29.05.2016;39;LAV
fert908;05.03.2017;39;DASA
fert908;25.03.2017;31;LAV
fert909;05.03.2017;39;DASA
fert909;25.03.2017;31;LAV
fert909;19.05.2017;60;LAV
fert910;13.03.2018;50;DASA
fert910;26.03.2018;20;LAV
fert910;27.04.2018;60;LAV
fert911;13.03.2018;50;DASA
fert911;26.03.2018;20;LAV
fert911;27.04.2018;60;LAV
fert911;12.05.2018;40;LAV
fert912;02.04.2009;40;LAV
fert912;16.04.2009;30;LAV
fert912;30.04.2009;30;LAV
fert913;02.04.2009;40;LAV
fert913;16.04.2009;30;LAV
fert913;30.04.2009;30;LAV
fert913;01.06.2009;40;LAV
fert914;31.03.2010;60;LAV
fert914;30.04.2010;50;LAV
fert915;31.03.2010;60;LAV
fert915;30.04.2010;50;LAV
fert915;10.06.2010;40;LAV
fert916;08.03.2011;30;LAV
fert916;22.03.2011;30;LAV
fert916;29.04.2011;50;LAV
fert917;08.03.2011;30;LAV
fert917;22.03.2011;30;LAV
fert917;29.04.2011;50;LAV
fert917;30.05.2011;40;LAV
fert918;16.03.2012;40;LAV
fert918;20.03.2012;20;LAV
fert918;24.04.2012;50;LAV
fert919;16.03.2012;40;LAV
fert919;20.03.2012;20;LAV
fert919;24.04.2012;50;LAV
fert919;05.06.2012;40;LAV
fert920;17.04.2013;60;LAD
fert920;09.05.2013;60;LAD
fert921;17.04.2013;60;LAD
fert921;09.05.2013;60;LAD
fert921;13.06.2013;40;LAD
fert922;27.02.2014;40;DASA
fert922;13.03.2014;40;DASA
fert922;11.04.2014;60;LAD
fert923;27.02.2014;40;DASA
fert923;13.03.2014;40;DASA
fert923;11.04.2014;60;LAD
fert923;17.06.2014;40;LAV
fert924;14.03.2016;50;DASA
fert924;28.03.2016;30;LAD
fert924;06.04.2016;30;LAD
fert924;30.05.2016;20;LAD
fert925;08.03.2017;50;DASA
fert925;29.03.2017;20;LAV
fert925;06.05.2017;60;LAV
fert926;08.03.2017;50;DASA
fert926;29.03.2017;20;LAV
fert926;06.05.2017;60;LAV
fert926;01.06.2017;40;LAV
fert927;22.03.2018;50;DASA
fert927;12.04.2018;27;LAV
fert927;27.04.2018;60;LAV
fert928;22.03.2018;50;DASA
fert928;12.04.2018;27;LAV
fert928;27.04.2018;60;LAV
fert928;30.05.2018;40;LAV
fert929;23.02.2012;30;LAV
fert929;16.03.2012;30;LAV
fert929;20.04.2012;40;LAV
fert930;23.02.2012;30;LAV
fert930;16.03.2012;30;LAV
fert930;20.04.2012;40;LAV
fert930;15.05.2012;40;LAV
fert931;17.03.2009;50;LAV
fert931;12.05.2009;60;LAV
fert931;25.05.2009;40;LAV
fert932;12.03.2010;40;LAV
fert932;14.05.2010;50;LAV
fert932;24.05.2010;40;LAV
fert933;14.03.2016;27;LAV
fert933;23.03.2016;20;Yara_Mila
fert933;21.04.2016;30;urea
fert933;09.05.2016;35;LAV
fert934;14.03.2016;42;LAV
fert934;23.03.2016;20;Yara_Mila
fert934;21.04.2016;30;urea
fert934;09.05.2016;35;LAV
fert935;31.03.2017;27;LAV
fert935;07.04.2017;20;Yara_Mila
fert935;13.04.2017;30;urea
fert935;04.05.2017;35;LAV
fert936;21.03.2018;55;LAV
fert936;18.04.2018;21;NPK
fert936;23.04.2018;36;urea
fert937;21.03.2018;73;LAV
fert937;18.04.2018;21;NPK
fert937;23.04.2018;36;urea
fert938;21.03.2016;60;DASA
fert938;28.04.2016;50;LAV
fert938;28.05.2016;40;LAV
fert940;08.03.2010;50;LAD
fert940;26.04.2010;60;LAD
fert940;08.06.2010;40;LAD
fert941;03.03.2011;50;LAD
fert941;21.04.2011;60;DAM
fert942;03.03.2011;50;LAD
fert942;21.04.2011;60;DAM
fert942;18.05.2011;40;LAD
fert943;02.03.2012;50;LAD
fert943;18.04.2012;60;DAM
fert944;02.03.2012;50;LAD
fert944;18.04.2012;60;DAM
fert944;11.05.2012;40;LAD
fert945;04.03.2013;50;LAD
fert945;30.04.2013;60;DAM
fert946;04.03.2013;50;LAD
fert946;30.04.2013;60;DAM
fert946;17.05.2013;40;LAD
fert947;26.02.2014;50;DASA
fert947;11.04.2014;60;DAM
fert948;26.02.2014;50;DASA
fert948;11.04.2014;60;DAM
fert948;13.05.2014;40;LAD
fert949;14.03.2016;55;DASA
fert949;07.04.2016;60;DAM
fert950;14.03.2016;55;DASA
fert950;07.04.2016;60;DAM
fert950;31.05.2016;40;LAV
fert951;28.02.2017;50;LAV
fert951;11.04.2017;60;DAM
fert952;28.02.2017;50;LAV
fert952;11.04.2017;60;DAM
fert952;25.05.2017;40;LAV
fert953;27.02.2018;50;DASA
fert953;12.04.2018;60;DAM
fert954;27.02.2018;50;DASA
fert954;12.04.2018;60;DAM
fert954;07.05.2018;40;LAV
fert955;24.03.2010;60;LAV
fert955;30.04.2010;50;LAV
fert956;24.03.2010;60;LAV
fert956;30.04.2010;50;LAV
fert956;24.05.2010;40;LAV
